Nome,Clube,Sigla,Nome,Posicao,Ult,Media,Jogos,Lixo1,Lixo2,Lixo3,Preco,Valorizacao,
América-MG,AME,Osman,Meia,3.40,3.40,1,Chapecoense,x,América-MG, 9.12,0.12,
Ernandes,América-MG,AME,Ernandes,Meia,0.00,0.00,-,Chapecoense,x,América-MG, 4.00,0.00,
Claudinei,América-MG,AME,Claudinei,Meia,6.20,6.20,1,Chapecoense,x,América-MG, 8.24,3.24,
João Ricardo,América-MG,AME,João Ricardo,Goleiro,6.40,6.40,1,Chapecoense,x,América-MG, 8.38,3.38,
Raul,América-MG,AME,Raul,Lateral,0.00,0.00,-,Chapecoense,x,América-MG, 5.00,0.00,
Leandro Guerreiro,América-MG,AME,Leandro Guerreiro,Meia,0.80,0.80,1,Chapecoense,x,América-MG, 3.53,0.47,
Tony,América-MG,AME,Tony,Meia,0.00,0.00,-,Chapecoense,x,América-MG, 8.00,0.00,
Adalberto,América-MG,AME,Adalberto,Zagueiro,0.00,0.00,-,Chapecoense,x,América-MG, 4.00,0.00,
Sávio,América-MG,AME,Sávio,Atacante,0.90,0.90,1,Chapecoense,x,América-MG, 4.34,0.66,
Bryan,Cruzeiro,CRU,Bryan,Lateral,0.00,0.00,-,Cruzeiro,x,Figueirense, 8.00,0.00,
Nikão,Atlético-PR,ATL,Nikão,Meia,-2.60,-2.60,1,Atlético-PR,x,Atlético-MG, 9.12,5.88,
Tiago Real,Vitória,VIT,Tiago Real,Meia,-1.70,-1.70,1,Vitória,x,Corinthians, 3.16,2.84,
Fernando Leal,América-MG,AME,Fernando Leal,Goleiro,0.00,0.00,-,Chapecoense,x,América-MG, 3.00,0.00,
Artur,América-MG,AME,Artur,Zagueiro,1.60,1.60,1,Chapecoense,x,América-MG, 2.65,0.65,
Sueliton,América-MG,AME,Sueliton,Zagueiro,6.30,6.30,1,Chapecoense,x,América-MG, 7.57,3.57,
Glauco,América-MG,AME,Glauco,Goleiro,0.00,0.00,-,Chapecoense,x,América-MG, 2.00,0.00,
Jonas,América-MG,AME,Jonas,Lateral,0.00,0.00,-,Chapecoense,x,América-MG, 2.00,0.00,
Alison,América-MG,AME,Alison,Zagueiro,2.10,2.10,1,Chapecoense,x,América-MG, 3.75,0.75,
Danilo Barcelos,América-MG,AME,Danilo Barcelos,Lateral,0.90,0.90,1,Chapecoense,x,América-MG, 2.87,0.13,
Christian Sávio,América-MG,AME,Christian Sávio,Meia,0.00,0.00,-,Chapecoense,x,América-MG, 3.00,0.00,
Victor Rangel,América-MG,AME,Victor Rangel,Atacante,0.80,0.80,1,Chapecoense,x,América-MG, 3.53,0.47,
Matheusinho,América-MG,AME,Matheusinho,Meia,0.00,0.00,-,Chapecoense,x,América-MG, 3.00,0.00,
Pablo,América-MG,AME,Pablo,Lateral,0.00,0.00,-,Chapecoense,x,América-MG, 4.00,0.00,
Guilherme Xavier,América-MG,AME,Guilherme Xavier,Meia,0.00,0.00,1,Chapecoense,x,América-MG, 1.47,0.53,
Borges,América-MG,AME,Borges,Atacante,-0.30,-0.30,1,Chapecoense,x,América-MG, 4.19,1.81,
Norberto,Vitória,VIT,Norberto,Lateral,0.00,0.00,-,Vitória,x,Corinthians, 5.00,0.00,
Danylo Fernandes,América-MG,AME,Danylo Fernandes,Lateral,0.00,0.00,-,Chapecoense,x,América-MG, 1.00,0.00,
Weverton,Atlético-PR,ATL,Weverton,Goleiro,-5.00,-5.00,1,Atlético-PR,x,Atlético-MG, 5.15,6.85,
Thiago Heleno,Atlético-PR,ATL,Thiago Heleno,Zagueiro,0.40,0.40,1,Atlético-PR,x,Atlético-MG, 7.65,2.35,
Alípio,Vitória,VIT,Alípio,Meia,-1.00,-1.00,1,Vitória,x,Corinthians, 2.94,2.06,
Euller,Vitória,VIT,Euller,Lateral,0.00,0.00,-,Vitória,x,Corinthians, 4.00,0.00,
André Lima,Atlético-PR,ATL,André Lima,Atacante,0.00,0.00,-,Atlético-PR,x,Atlético-MG, 9.00,0.00,
Guilherme Mattis,Vitória,VIT,Guilherme Mattis,Zagueiro,0.00,0.00,-,Vitória,x,Corinthians, 4.00,0.00,
Ramon,Vitória,VIT,Ramon,Zagueiro,-0.90,-0.90,1,Vitória,x,Corinthians, 3.01,1.99,
Maranhão,América-MG,AME,Maranhão,Atacante,0.00,0.00,-,Chapecoense,x,América-MG, 2.00,0.00,
Willian Farias,Vitória,VIT,Willian Farias,Meia,0.00,0.00,-,Vitória,x,Corinthians, 5.00,0.00,
Ewandro,Atlético-PR,ATL,Ewandro,Atacante,-0.80,-0.80,1,Atlético-PR,x,Atlético-MG, 5.29,2.71,
Deivid,Atlético-PR,ATL,Deivid,Meia,0.00,0.00,-,Atlético-PR,x,Atlético-MG, 5.00,0.00,
Marcelo,Vitória,VIT,Marcelo,Meia,-0.60,-0.60,1,Vitória,x,Corinthians, 1.76,1.24,
José Welison,Vitória,VIT,José Welison,Meia,-1.10,-1.10,1,Vitória,x,Corinthians, 2.13,1.87,
Caíque,Vitória,VIT,Caíque,Goleiro,0.00,0.00,-,Vitória,x,Corinthians, 3.00,0.00,
Vander,Vitória,VIT,Vander,Atacante,0.10,0.10,1,Vitória,x,Corinthians, 3.01,0.99,
Vinicius,Vitória,VIT,Vinicius,Zagueiro,0.00,0.00,-,Vitória,x,Corinthians, 3.00,0.00,
Marcos Guilherme,Atlético-PR,ATL,Marcos Guilherme,Meia,0.00,0.00,-,Atlético-PR,x,Atlético-MG, 5.00,0.00,
Arthur Maia,Chapecoense,CHA,Arthur Maia,Meia,0.00,0.00,-,Chapecoense,x,América-MG, 4.00,0.00,
Paulo André,Atlético-PR,ATL,Paulo André,Zagueiro,-4.30,-4.30,1,Atlético-PR,x,Atlético-MG, 0.74,4.26,
Vinícius,Atlético-PR,ATL,Vinícius,Meia,1.00,1.00,1,Atlético-PR,x,Atlético-MG, 5.88,1.12,
Sidcley,Atlético-PR,ATL,Sidcley,Lateral,-0.30,-0.30,1,Atlético-PR,x,Atlético-MG, 4.19,1.81,
Yan,Vitória,VIT,Yan,Meia,0.00,0.00,-,Vitória,x,Corinthians, 2.00,0.00,
Flávio,Vitória,VIT,Flávio,Meia,0.00,0.00,-,Vitória,x,Corinthians, 2.00,0.00,
Maicon Silva,Vitória,VIT,Maicon Silva,Lateral,0.00,0.00,-,Vitória,x,Corinthians, 2.00,0.00,
Ronaldo,Vitória,VIT,Ronaldo,Goleiro,0.00,0.00,-,Vitória,x,Corinthians, 1.00,0.00,
Crysan,Atlético-PR,ATL,Crysan,Atacante,0.00,0.00,-,Atlético-PR,x,Atlético-MG, 3.00,0.00,
Josué,Vitória,VIT,Josué,Zagueiro,0.00,0.00,-,Vitória,x,Corinthians, 2.00,0.00,
Gabriel,Vitória,VIT,Gabriel,Meia,0.00,0.00,-,Vitória,x,Corinthians, 3.00,0.00,
Vilches,Atlético-PR,ATL,Vilches,Zagueiro,0.00,0.00,-,Atlético-PR,x,Atlético-MG, 4.00,0.00,
Nickson,Vitória,VIT,Nickson,Atacante,0.00,0.00,-,Vitória,x,Corinthians, 2.00,0.00,
William Henrique,Vitória,VIT,William Henrique,Atacante,0.60,0.60,1,Vitória,x,Corinthians, 2.65,0.35,
Pablo,Atlético-PR,ATL,Pablo,Atacante,-0.80,-0.80,1,Atlético-PR,x,Atlético-MG, 3.09,1.91,
Gustavo,Vitória,VIT,Gustavo,Goleiro,0.00,0.00,-,Vitória,x,Corinthians, 1.00,0.00,
Vagner Mancini,Vitória,VIT,Vagner Mancini,Técnico,0.27,0.27,1,Vitória,x,Corinthians, 1.67,0.33,
Rafaelson,Vitória,VIT,Rafaelson,Atacante,0.00,0.00,-,Vitória,x,Corinthians, 1.00,0.00,
David,Vitória,VIT,David,Meia,1.30,1.30,1,Vitória,x,Corinthians, 1.69,0.69,
Wallace,Vitória,VIT,Wallace,Goleiro,0.00,0.00,-,Vitória,x,Corinthians, 2.00,0.00,
Anderson Lopes,Atlético-PR,ATL,Anderson Lopes,Atacante,0.00,0.00,-,Atlético-PR,x,Atlético-MG, 4.00,0.00,
Eduardo,Atlético-PR,ATL,Eduardo,Lateral,0.00,0.00,-,Atlético-PR,x,Atlético-MG, 4.00,0.00,
Santos,Atlético-PR,ATL,Santos,Goleiro,0.00,0.00,-,Atlético-PR,x,Atlético-MG, 3.00,0.00,
Pará,Atlético-PR,ATL,Pará,Lateral,0.00,0.00,-,Atlético-PR,x,Atlético-MG, 4.00,0.00,
Jadson,Atlético-PR,ATL,Jadson,Meia,0.00,0.00,1,Atlético-PR,x,Atlético-MG, 2.94,1.06,
Léo Pereira,Atlético-PR,ATL,Léo Pereira,Zagueiro,0.00,0.00,-,Atlético-PR,x,Atlético-MG, 3.00,0.00,
Cleberson,Atlético-PR,ATL,Cleberson,Zagueiro,0.00,0.00,-,Atlético-PR,x,Atlético-MG, 3.00,0.00,
Léo,Atlético-PR,ATL,Léo,Lateral,-5.80,-5.80,1,Atlético-PR,x,Atlético-MG, 0.74,2.26,
Lucas Macanhan,Atlético-PR,ATL,Lucas Macanhan,Goleiro,0.00,0.00,-,Atlético-PR,x,Atlético-MG, 1.00,0.00,
João Pedro,Atlético-PR,ATL,João Pedro,Meia,0.00,0.00,-,Atlético-PR,x,Atlético-MG, 1.00,0.00,
Bruno Pereirinha,Atlético-PR,ATL,Bruno Pereirinha,Lateral,0.00,0.00,-,Atlético-PR,x,Atlético-MG, 3.00,0.00,
Hernani,Atlético-PR,ATL,Hernani,Meia,-0.60,-0.60,1,Atlético-PR,x,Atlético-MG, 1.76,1.24,
Giovanny,Atlético-PR,ATL,Giovanny,Meia,0.00,0.00,-,Atlético-PR,x,Atlético-MG, 3.00,0.00,
Paulinho Dias,Atlético-PR,ATL,Paulinho Dias,Meia,0.00,0.00,-,Atlético-PR,x,Atlético-MG, 2.00,0.00,
Bruno Mota,Atlético-PR,ATL,Bruno Mota,Meia,0.00,0.00,-,Atlético-PR,x,Atlético-MG, 2.00,0.00,
Barrientos,Atlético-PR,ATL,Barrientos,Meia,0.00,0.00,-,Atlético-PR,x,Atlético-MG, 2.00,0.00,
Roberto,Santa Cruz,STC,Roberto,Lateral,0.00,0.00,-,Fluminense,x,Santa Cruz, 2.00,0.00,
Yago,Atlético-PR,ATL,Yago,Atacante,0.00,0.00,-,Atlético-PR,x,Atlético-MG, 1.00,0.00,
Bruno Rodrigues,Atlético-PR,ATL,Bruno Rodrigues,Atacante,0.00,0.00,-,Atlético-PR,x,Atlético-MG, 1.00,0.00,
Nicolas,Atlético-PR,ATL,Nicolas,Meia,0.00,0.00,-,Atlético-PR,x,Atlético-MG, 1.00,0.00,
Paulo Autuori,Atlético-PR,ATL,Paulo Autuori,Técnico,-1.62,-1.62,1,Atlético-PR,x,Atlético-MG, 4.69,3.31,
Luis Henrique,Botafogo,BOT,Luis Henrique,Atacante,0.00,0.00,-,Sport,x,Botafogo, 9.00,0.00,
Rodrigo Lindoso,Botafogo,BOT,Rodrigo Lindoso,Meia,5.30,5.30,1,Sport,x,Botafogo, 11.99,0.99,
Rafael Bastos,América-MG,AME,Rafael Bastos,Meia,4.60,4.60,1,Chapecoense,x,América-MG, 7.79,1.79,
Jefferson,Botafogo,BOT,Jefferson,Goleiro,0.00,0.00,-,Sport,x,Botafogo, 18.00,0.00,
Thiago Maia,Santos,SAN,Thiago Maia,Meia,1.60,1.60,1,Santos,x,Coritiba, 4.85,0.15,
Tiago Luis,América-MG,AME,Tiago Luis,Atacante,0.40,0.40,1,Chapecoense,x,América-MG, 5.44,1.56,
Salgueiro,Botafogo,BOT,Salgueiro,Atacante,0.00,0.00,1,Sport,x,Botafogo, 6.62,2.38,
Ribamar,Botafogo,BOT,Ribamar,Atacante,0.90,0.90,1,Sport,x,Botafogo, 8.02,1.98,
Gegê,Botafogo,BOT,Gegê,Meia,0.00,0.00,-,Sport,x,Botafogo, 7.00,0.00,
Joel Carli,Botafogo,BOT,Joel Carli,Zagueiro,0.00,0.00,-,Sport,x,Botafogo, 8.00,0.00,
Airton,Botafogo,BOT,Airton,Meia,0.00,0.00,-,Sport,x,Botafogo, 7.00,0.00,
Luis Ricardo,Botafogo,BOT,Luis Ricardo,Lateral,2.60,2.60,1,Sport,x,Botafogo, 5.59,0.59,
Bruno Silva,Botafogo,BOT,Bruno Silva,Meia,-0.80,-0.80,1,Sport,x,Botafogo, 3.09,1.91,
Leandrinho,Botafogo,BOT,Leandrinho,Meia,-1.80,-1.80,1,Sport,x,Botafogo, 2.35,2.65,
Calleri,São Paulo,SAO,Calleri,Atacante,0.00,0.00,-,São Paulo,x,Internacional, 27.00,0.00,
Michel Bastos,São Paulo,SAO,Michel Bastos,Meia,0.00,0.00,-,São Paulo,x,Internacional, 16.00,0.00,
Neilton,Botafogo,BOT,Neilton,Atacante,1.30,1.30,1,Sport,x,Botafogo, 4.63,0.37,
Emerson Santos,Botafogo,BOT,Emerson Santos,Zagueiro,0.00,0.00,-,Sport,x,Botafogo, 5.00,0.00,
Ganso,São Paulo,SAO,Ganso,Meia,0.00,0.00,-,São Paulo,x,Internacional, 17.00,0.00,
Sassá,Botafogo,BOT,Sassá,Atacante,0.10,0.10,1,Sport,x,Botafogo, 4.49,1.51,
Rodrigo Caio,São Paulo,SAO,Rodrigo Caio,Zagueiro,0.00,0.00,-,São Paulo,x,Internacional, 15.00,0.00,
Dierson,Botafogo,BOT,Dierson,Meia,0.00,0.00,-,Sport,x,Botafogo, 3.00,0.00,
Renan Fonseca,Botafogo,BOT,Renan Fonseca,Zagueiro,-0.40,-0.40,1,Sport,x,Botafogo, 2.65,1.35,
Helton Leite,Botafogo,BOT,Helton Leite,Goleiro,1.00,1.00,1,Sport,x,Botafogo, 2.94,0.06,
Emerson Silva,Botafogo,BOT,Emerson Silva,Zagueiro,1.70,1.70,1,Sport,x,Botafogo, 3.46,0.46,
Fernandes,Botafogo,BOT,Fernandes,Meia,2.30,2.30,1,Sport,x,Botafogo, 4.63,0.63,
Diogo Barbosa,Botafogo,BOT,Diogo Barbosa,Lateral,0.00,0.00,-,Sport,x,Botafogo, 4.00,0.00,
Gervasio Núñez,Botafogo,BOT,Gervasio Núñez,Meia,0.00,0.00,-,Sport,x,Botafogo, 4.00,0.00,
Maranhão,Chapecoense,CHA,Maranhão,Meia,0.00,0.00,-,Chapecoense,x,América-MG, 3.00,0.00,
Rogério,São Paulo,SAO,Rogério,Atacante,0.00,0.00,1,São Paulo,x,Internacional, 8.09,2.91,
Centurión,São Paulo,SAO,Centurión,Atacante,1.30,1.30,1,São Paulo,x,Internacional, 10.52,2.48,
Lugano,São Paulo,SAO,Lugano,Zagueiro,5.00,5.00,1,São Paulo,x,Internacional, 11.03,1.03,
Bruno,São Paulo,SAO,Bruno,Lateral,0.00,0.00,-,São Paulo,x,Internacional, 9.00,0.00,
Thiago Mendes,São Paulo,SAO,Thiago Mendes,Meia,-3.10,-3.10,1,São Paulo,x,Internacional, 8.02,5.98,
Diego,Botafogo,BOT,Diego,Lateral,0.00,0.00,-,Sport,x,Botafogo, 3.00,0.00,
Maicon,São Paulo,SAO,Maicon,Zagueiro,0.00,0.00,-,São Paulo,x,Internacional, 7.00,0.00,
Alan Kardec,São Paulo,SAO,Alan Kardec,Atacante,-0.10,-0.10,1,São Paulo,x,Internacional, 5.81,2.19,
Lizio,Botafogo,BOT,Lizio,Meia,0.00,0.00,-,Sport,x,Botafogo, 3.00,0.00,
Saulo,Botafogo,BOT,Saulo,Goleiro,0.00,0.00,-,Sport,x,Botafogo, 2.00,0.00,
Jean,Botafogo,BOT,Jean,Lateral,0.00,0.00,-,Sport,x,Botafogo, 2.00,0.00,
Matheus Cabral,Botafogo,BOT,Matheus Cabral,Goleiro,0.00,0.00,-,Sport,x,Botafogo, 1.00,0.00,
Igor Rabello,Botafogo,BOT,Igor Rabello,Zagueiro,0.00,0.00,-,Sport,x,Botafogo, 1.00,0.00,
Lucas Zen,Botafogo,BOT,Lucas Zen,Meia,0.00,0.00,-,Sport,x,Botafogo, 2.00,0.00,
Hudson,São Paulo,SAO,Hudson,Meia,0.00,0.00,-,São Paulo,x,Internacional, 7.00,0.00,
Octávio,Botafogo,BOT,Octávio,Meia,0.00,0.00,-,Sport,x,Botafogo, 2.00,0.00,
Carlinhos,São Paulo,SAO,Carlinhos,Lateral,0.00,0.00,-,São Paulo,x,Internacional, 5.00,0.00,
Denis,São Paulo,SAO,Denis,Goleiro,0.00,0.00,-,São Paulo,x,Internacional, 6.00,0.00,
Renan Ribeiro,São Paulo,SAO,Renan Ribeiro,Goleiro,10.70,10.70,1,São Paulo,x,Internacional, 11.54,6.54,
Wesley,São Paulo,SAO,Wesley,Meia,0.00,0.00,-,São Paulo,x,Internacional, 5.00,0.00,
Breno,São Paulo,SAO,Breno,Zagueiro,0.00,0.00,-,São Paulo,x,Internacional, 5.00,0.00,
Marcinho,Botafogo,BOT,Marcinho,Lateral,0.00,0.00,-,Sport,x,Botafogo, 1.00,0.00,
Matheus Fernandes,Botafogo,BOT,Matheus Fernandes,Meia,0.00,0.00,-,Sport,x,Botafogo, 1.00,0.00,
Anderson Aquino,Botafogo,BOT,Anderson Aquino,Atacante,0.70,0.70,1,Sport,x,Botafogo, 3.46,0.54,
Ricardo Gomes,Botafogo,BOT,Ricardo Gomes,Técnico,1.52,1.52,1,Sport,x,Botafogo, 4.79,0.21,
Lucão,São Paulo,SAO,Lucão,Zagueiro,12.90,12.90,1,São Paulo,x,Internacional, 12.43,8.43,
Mena,São Paulo,SAO,Mena,Lateral,0.00,0.00,-,São Paulo,x,Internacional, 4.00,0.00,
Bruno Rangel,Chapecoense,CHA,Bruno Rangel,Atacante,-0.50,-0.50,1,Chapecoense,x,América-MG, 6.25,2.75,
Danilo,Chapecoense,CHA,Danilo,Goleiro,18.20,18.20,1,Chapecoense,x,América-MG, 20.74,10.74,
Kelvin,São Paulo,SAO,Kelvin,Atacante,0.80,0.80,1,São Paulo,x,Internacional, 4.26,0.74,
Gil,Chapecoense,CHA,Gil,Meia,0.00,0.00,1,Chapecoense,x,América-MG, 5.15,1.85,
Ananias,Chapecoense,CHA,Ananias,Atacante,-1.50,-1.50,1,Chapecoense,x,América-MG, 4.78,3.22,
Lucas Gomes,Chapecoense,CHA,Lucas Gomes,Atacante,2.60,2.60,1,Chapecoense,x,América-MG, 6.32,0.32,
Neto,Chapecoense,CHA,Neto,Zagueiro,0.00,0.00,-,Chapecoense,x,América-MG, 6.00,0.00,
Cleber Santana,Chapecoense,CHA,Cleber Santana,Meia,-2.10,-2.10,1,Chapecoense,x,América-MG, 3.60,3.40,
Lyanco,São Paulo,SAO,Lyanco,Zagueiro,5.90,5.90,1,São Paulo,x,Internacional, 6.54,3.54,
Caramelo,São Paulo,SAO,Caramelo,Lateral,0.00,0.00,-,São Paulo,x,Internacional, 3.00,0.00,
Wilder,São Paulo,SAO,Wilder,Atacante,0.00,0.00,1,São Paulo,x,Internacional, 2.94,1.06,
João Schmidt,São Paulo,SAO,João Schmidt,Meia,0.00,0.00,-,São Paulo,x,Internacional, 4.00,0.00,
Dener Assunção,Chapecoense,CHA,Dener Assunção,Lateral,4.10,4.10,1,Chapecoense,x,América-MG, 6.69,1.69,
Josimar,Chapecoense,CHA,Josimar,Meia,-1.30,-1.30,1,Chapecoense,x,América-MG, 2.72,2.28,
Thiego,Chapecoense,CHA,Thiego,Zagueiro,-2.60,-2.60,1,Chapecoense,x,América-MG, 1.76,3.24,
Nenén,Chapecoense,CHA,Nenén,Meia,0.00,0.00,-,Chapecoense,x,América-MG, 5.00,0.00,
Martinuccio,Chapecoense,CHA,Martinuccio,Meia,0.00,0.00,-,Chapecoense,x,América-MG, 3.00,0.00,
Wellington,São Paulo,SAO,Wellington,Meia,0.00,0.00,-,São Paulo,x,Internacional, 3.00,0.00,
Daniel,São Paulo,SAO,Daniel,Meia,0.00,0.00,-,São Paulo,x,Internacional, 3.00,0.00,
Martín Alaníz,Chapecoense,CHA,Martín Alaníz,Atacante,0.00,0.00,-,Chapecoense,x,América-MG, 3.00,0.00,
Scalon,Chapecoense,CHA,Scalon,Zagueiro,0.00,0.00,-,Chapecoense,x,América-MG, 1.00,0.00,
Igor,Chapecoense,CHA,Igor,Zagueiro,0.00,0.00,-,Chapecoense,x,América-MG, 2.00,0.00,
Caixinha,Chapecoense,CHA,Caixinha,Lateral,0.00,0.00,-,Chapecoense,x,América-MG, 1.00,0.00,
Lourency,Chapecoense,CHA,Lourency,Atacante,-0.50,-0.50,1,Chapecoense,x,América-MG, 1.10,0.90,
Lucas Mineiro,Chapecoense,CHA,Lucas Mineiro,Meia,0.00,0.00,-,Chapecoense,x,América-MG, 1.00,0.00,
Kempes,Chapecoense,CHA,Kempes,Atacante,0.00,0.00,-,Chapecoense,x,América-MG, 5.00,0.00,
Marcelo Boeck,Chapecoense,CHA,Marcelo Boeck,Goleiro,0.00,0.00,-,Chapecoense,x,América-MG, 2.00,0.00,
Lima,Chapecoense,CHA,Lima,Meia,0.00,0.00,-,Chapecoense,x,América-MG, 1.00,0.00,
Nivaldo,Chapecoense,CHA,Nivaldo,Goleiro,0.00,0.00,-,Chapecoense,x,América-MG, 4.00,0.00,
Tite,Corinthians,COR,Tite,Técnico,4.66,4.66,1,Vitória,x,Corinthians, 14.46,0.54,
Luiz Eduardo,São Paulo,SAO,Luiz Eduardo,Zagueiro,0.00,0.00,-,São Paulo,x,Internacional, 2.00,0.00,
Leo,São Paulo,SAO,Leo,Goleiro,0.00,0.00,-,São Paulo,x,Internacional, 2.00,0.00,
Grafite,Santa Cruz,STC,Grafite,Atacante,11.70,11.70,1,Fluminense,x,Santa Cruz, 19.63,4.63,
Guto Ferreira,Chapecoense,CHA,Guto Ferreira,Técnico,2.88,2.88,1,Chapecoense,x,América-MG, 6.53,0.53,
Wesley Natã,Chapecoense,CHA,Wesley Natã,Atacante,0.00,0.00,-,Chapecoense,x,América-MG, 1.00,0.00,
Pato Rodríguez,Santos,SAN,Pato Rodríguez,Meia,0.00,0.00,-,Santos,x,Coritiba, 2.00,0.00,
Rafael Lima,Chapecoense,CHA,Rafael Lima,Zagueiro,5.00,5.00,1,Chapecoense,x,América-MG, 6.62,2.62,
Perotti,Chapecoense,CHA,Perotti,Atacante,0.00,0.00,-,Chapecoense,x,América-MG, 1.00,0.00,
Matheus Reis,São Paulo,SAO,Matheus Reis,Lateral,4.60,4.60,1,São Paulo,x,Internacional, 4.85,2.85,
Wesley Souza,Santos,SAN,Wesley Souza,Meia,0.00,0.00,-,Santos,x,Coritiba, 2.00,0.00,
Lucas Fernandes,São Paulo,SAO,Lucas Fernandes,Meia,10.30,10.30,1,São Paulo,x,Internacional, 9.04,7.04,
Ricardo Oliveira,Santos,SAN,Ricardo Oliveira,Atacante,0.00,0.00,-,Santos,x,Coritiba, 28.00,0.00,
Ángel Romero,Corinthians,COR,Ángel Romero,Atacante,0.60,0.60,1,Vitória,x,Corinthians, 9.27,2.73,
Gimenez,Chapecoense,CHA,Gimenez,Lateral,0.00,0.00,-,Chapecoense,x,América-MG, 4.00,0.00,
Luccas Claro,Coritiba,COR,Luccas Claro,Zagueiro,0.00,0.00,-,Santos,x,Coritiba, 17.00,0.00,
David Braz,Santos,SAN,David Braz,Zagueiro,1.60,1.60,1,Santos,x,Coritiba, 7.06,0.94,
Vitor Bueno,Santos,SAN,Vitor Bueno,Meia,-1.00,-1.00,1,Santos,x,Coritiba, 5.88,3.12,
Lucas Lima,Santos,SAN,Lucas Lima,Meia,0.00,0.00,-,Santos,x,Coritiba, 26.00,0.00,
Marquinhos,Santos,SAN,Marquinhos,Atacante,0.00,0.00,-,Santos,x,Coritiba, 2.00,0.00,
Moisés,Chapecoense,CHA,Moisés,Meia,0.00,0.00,-,Chapecoense,x,América-MG, 4.00,0.00,
Cássio,Corinthians,COR,Cássio,Goleiro,0.00,0.00,-,Vitória,x,Corinthians, 25.00,0.00,
Lucas Perri,São Paulo,SAO,Lucas Perri,Goleiro,0.00,0.00,-,São Paulo,x,Internacional, 1.00,0.00,
Iago Maidana,São Paulo,SAO,Iago Maidana,Zagueiro,0.00,0.00,-,São Paulo,x,Internacional, 1.00,0.00,
Bruno Henrique,Corinthians,COR,Bruno Henrique,Meia,7.90,7.90,1,Vitória,x,Corinthians, 13.90,2.90,
Gabriel,Santos,SAN,Gabriel,Atacante,-0.80,-0.80,1,Santos,x,Coritiba, 11.18,4.82,
João Paulo,Santos,SAN,João Paulo,Goleiro,0.00,0.00,-,Santos,x,Coritiba, 1.00,0.00,
Felipe,Corinthians,COR,Felipe,Zagueiro,13.70,13.70,1,Vitória,x,Corinthians, 26.99,3.99,
Gustavo Henrique,Santos,SAN,Gustavo Henrique,Zagueiro,-0.80,-0.80,1,Santos,x,Coritiba, 4.56,2.44,
Hyoran,Chapecoense,CHA,Hyoran,Meia,0.00,0.00,-,Chapecoense,x,América-MG, 4.00,0.00,
Vanderlei,Santos,SAN,Vanderlei,Goleiro,4.00,4.00,1,Santos,x,Coritiba, 13.97,1.03,
Diego Gomes,Santos,SAN,Diego Gomes,Meia,0.00,0.00,-,Santos,x,Coritiba, 1.00,0.00,
Juan,Coritiba,COR,Juan,Meia,0.00,0.00,-,Santos,x,Coritiba, 16.00,0.00,
Rodrigo Andrade,Chapecoense,CHA,Rodrigo Andrade,Meia,0.00,0.00,-,Chapecoense,x,América-MG, 4.00,0.00,
Danilo,Corinthians,COR,Danilo,Meia,0.00,0.00,-,Vitória,x,Corinthians, 10.00,0.00,
Elias,Corinthians,COR,Elias,Meia,4.00,4.00,1,Vitória,x,Corinthians, 17.65,2.35,
Fagner,Corinthians,COR,Fagner,Lateral,9.90,9.90,1,Vitória,x,Corinthians, 20.52,2.52,
Murilo,São Paulo,SAO,Murilo,Atacante,0.00,0.00,-,São Paulo,x,Internacional, 1.00,0.00,
Fernando Medeiros,Santos,SAN,Fernando Medeiros,Meia,0.00,0.00,-,Santos,x,Coritiba, 1.00,0.00,
Silvinho,Chapecoense,CHA,Silvinho,Atacante,1.90,1.90,1,Chapecoense,x,América-MG, 4.34,0.34,
Alan Mineiro,Corinthians,COR,Alan Mineiro,Meia,0.00,0.00,-,Vitória,x,Corinthians, 9.00,0.00,
Edgardo Bauza,São Paulo,SAO,Edgardo Bauza,Técnico,4.77,4.77,1,São Paulo,x,Internacional, 12.33,0.33,
Renato,Santos,SAN,Renato,Meia,3.80,3.80,1,Santos,x,Coritiba, 12.35,0.65,
Dorival Júnior,Santos,SAN,Dorival Júnior,Técnico,1.96,1.96,1,Santos,x,Coritiba, 9.53,1.47,
Joel,Santos,SAN,Joel,Atacante,0.00,0.00,-,Santos,x,Coritiba, 6.00,0.00,
Ronaldo Mendes,Santos,SAN,Ronaldo Mendes,Meia,1.00,1.00,1,Santos,x,Coritiba, 8.09,1.91,
Negueba,Coritiba,COR,Negueba,Atacante,0.00,0.00,-,Santos,x,Coritiba, 13.00,0.00,
Marcelo,Chapecoense,CHA,Marcelo,Zagueiro,4.50,4.50,1,Chapecoense,x,América-MG, 5.51,2.51,
André,Corinthians,COR,André,Atacante,0.40,0.40,1,Vitória,x,Corinthians, 12.79,4.21,
Guilherme,Corinthians,COR,Guilherme,Meia,1.80,1.80,1,Vitória,x,Corinthians, 13.09,2.91,
Claudio Winck,Chapecoense,CHA,Claudio Winck,Lateral,3.90,3.90,1,Chapecoense,x,América-MG, 5.07,2.07,
Yago,Corinthians,COR,Yago,Zagueiro,0.00,0.00,-,Vitória,x,Corinthians, 15.00,0.00,
Lucca,Corinthians,COR,Lucca,Atacante,0.00,0.00,-,Vitória,x,Corinthians, 8.50,0.00,
Luiz Felipe,Santos,SAN,Luiz Felipe,Zagueiro,0.00,0.00,-,Santos,x,Coritiba, 5.00,0.00,
Kleber,Coritiba,COR,Kleber,Atacante,4.60,4.60,1,Santos,x,Coritiba, 21.03,2.97,
Andrei,Chapecoense,CHA,Andrei,Meia,0.00,0.00,-,Chapecoense,x,América-MG, 3.00,0.00,
Zeca,Santos,SAN,Zeca,Lateral,2.60,2.60,1,Santos,x,Coritiba, 10.00,1.00,
Uendel,Corinthians,COR,Uendel,Lateral,2.70,2.70,1,Vitória,x,Corinthians, 7.87,0.13,
Victor Ferraz,Santos,SAN,Victor Ferraz,Lateral,7.90,7.90,1,Santos,x,Coritiba, 13.16,3.16,
Dudu,Coritiba,COR,Dudu,Meia,0.00,0.00,-,Santos,x,Coritiba, 12.00,0.00,
Carlinhos,Coritiba,COR,Carlinhos,Lateral,8.50,8.50,1,Santos,x,Coritiba, 14.34,3.34,
Rodriguinho,Corinthians,COR,Rodriguinho,Meia,3.10,3.10,1,Vitória,x,Corinthians, 7.43,0.43,
Marquinhos Gabriel,Corinthians,COR,Marquinhos Gabriel,Meia,1.20,1.20,1,Vitória,x,Corinthians, 11.18,2.82,
Júnior Oliveira,Figueirense,FIG,Júnior Oliveira,Goleiro,8.00,8.00,1,Cruzeiro,x,Figueirense, 8.09,5.09,
Rafael Longuine,Santos,SAN,Rafael Longuine,Meia,0.00,0.00,-,Santos,x,Coritiba, 5.00,0.00,
Leandro,Coritiba,COR,Leandro,Atacante,-0.10,-0.10,1,Santos,x,Coritiba, 7.28,2.72,
Elano,Santos,SAN,Elano,Meia,0.00,0.00,-,Santos,x,Coritiba, 9.00,0.00,
Juninho,Coritiba,COR,Juninho,Zagueiro,9.30,9.30,1,Santos,x,Coritiba, 13.46,4.46,
Willians,Corinthians,COR,Willians,Meia,0.00,0.00,-,Vitória,x,Corinthians, 6.00,0.00,
Ceará,Coritiba,COR,Ceará,Lateral,0.00,0.00,-,Santos,x,Coritiba, 8.00,0.00,
Keno,Santa Cruz,STC,Keno,Atacante,19.00,19.00,1,Fluminense,x,Santa Cruz, 21.32,11.32,
João Paulo,Coritiba,COR,João Paulo,Meia,1.30,1.30,1,Santos,x,Coritiba, 6.10,0.90,
Paulinho,Santos,SAN,Paulinho,Atacante,-1.90,-1.90,1,Santos,x,Coritiba, 2.28,2.72,
Luciano,Corinthians,COR,Luciano,Atacante,0.70,0.70,1,Vitória,x,Corinthians, 4.93,1.07,
Lucas Veríssimo,Santos,SAN,Lucas Veríssimo,Zagueiro,0.00,0.00,-,Santos,x,Coritiba, 4.00,0.00,
Caju,Santos,SAN,Caju,Lateral,0.00,0.00,-,Santos,x,Coritiba, 4.00,0.00,
Vinicius,Coritiba,COR,Vinicius,Atacante,8.30,8.30,1,Santos,x,Coritiba, 10.52,4.52,
Wilson,Coritiba,COR,Wilson,Goleiro,5.00,5.00,1,Santos,x,Coritiba, 7.35,2.35,
Tiago Cardoso,Santa Cruz,STC,Tiago Cardoso,Goleiro,-0.50,-0.50,1,Fluminense,x,Santa Cruz, 6.25,2.75,
Balbuena,Corinthians,COR,Balbuena,Zagueiro,0.80,0.80,1,Vitória,x,Corinthians, 4.26,0.74,
Arthur,Santa Cruz,STC,Arthur,Atacante,-1.50,-1.50,1,Fluminense,x,Santa Cruz, 4.78,3.22,
Edílson,Corinthians,COR,Edílson,Lateral,0.00,0.00,-,Vitória,x,Corinthians, 5.00,0.00,
Alison,Santos,SAN,Alison,Meia,0.00,0.00,-,Santos,x,Coritiba, 4.00,0.00,
Neto Berola,Santos,SAN,Neto Berola,Atacante,0.00,0.00,-,Santos,x,Coritiba, 4.00,0.00,
Vítor,Santa Cruz,STC,Vítor,Lateral,0.20,0.20,1,Fluminense,x,Santa Cruz, 6.03,1.97,
Lucas Crispim,Santos,SAN,Lucas Crispim,Meia,0.00,0.00,-,Santos,x,Coritiba, 4.00,0.00,
Neris,Santa Cruz,STC,Neris,Zagueiro,-1.10,-1.10,1,Fluminense,x,Santa Cruz, 4.34,2.66,
Léo Moura,Santa Cruz,STC,Léo Moura,Lateral,0.00,0.00,-,Fluminense,x,Santa Cruz, 7.00,0.00,
Walisson Maia,Coritiba,COR,Walisson Maia,Zagueiro,0.00,0.00,-,Santos,x,Coritiba, 5.00,0.00,
Giovanni Augusto,Corinthians,COR,Giovanni Augusto,Meia,-0.50,-0.50,1,Vitória,x,Corinthians, 3.31,1.69,
Maycon,Corinthians,COR,Maycon,Meia,0.00,0.00,-,Vitória,x,Corinthians, 5.00,0.00,
Lelê,Santa Cruz,STC,Lelê,Meia,0.00,0.00,-,Fluminense,x,Santa Cruz, 6.00,0.00,
Vladimir,Santos,SAN,Vladimir,Goleiro,0.00,0.00,-,Santos,x,Coritiba, 3.00,0.00,
Alan Santos,Coritiba,COR,Alan Santos,Meia,2.10,2.10,1,Santos,x,Coritiba, 5.22,0.22,
Reginaldo,Coritiba,COR,Reginaldo,Lateral,0.00,0.00,-,Santos,x,Coritiba, 5.00,0.00,
Jorge Ortega,Coritiba,COR,Jorge Ortega,Atacante,0.00,0.00,1,Santos,x,Coritiba, 3.68,1.32,
Danny Morais,Santa Cruz,STC,Danny Morais,Zagueiro,-2.10,-2.10,1,Fluminense,x,Santa Cruz, 2.13,2.87,
Thiago Lopes,Coritiba,COR,Thiago Lopes,Meia,0.70,0.70,1,Santos,x,Coritiba, 4.19,0.81,
Walter,Corinthians,COR,Walter,Goleiro,5.00,5.00,1,Vitória,x,Corinthians, 6.62,2.62,
Daniel Guedes,Santos,SAN,Daniel Guedes,Lateral,0.00,0.00,-,Santos,x,Coritiba, 3.00,0.00,
Tiago Costa,Santa Cruz,STC,Tiago Costa,Lateral,3.60,3.60,1,Fluminense,x,Santa Cruz, 6.32,1.32,
Valencia,Santos,SAN,Valencia,Meia,0.00,0.00,-,Santos,x,Coritiba, 3.00,0.00,
Rildo,Corinthians,COR,Rildo,Atacante,0.00,0.00,-,Vitória,x,Corinthians, 5.00,0.00,
Uillian Correia,Santa Cruz,STC,Uillian Correia,Meia,9.70,9.70,1,Fluminense,x,Santa Cruz, 10.81,5.81,
Elisson,Coritiba,COR,Elisson,Goleiro,0.00,0.00,-,Santos,x,Coritiba, 4.00,0.00,
Rafael Marques,Coritiba,COR,Rafael Marques,Zagueiro,5.30,5.30,1,Santos,x,Coritiba, 6.84,2.84,
Leandro Lima,Santa Cruz,STC,Leandro Lima,Meia,0.00,0.00,-,Fluminense,x,Santa Cruz, 5.00,0.00,
Alemão,Santa Cruz,STC,Alemão,Zagueiro,-0.30,-0.30,1,Fluminense,x,Santa Cruz, 2.72,1.28,
Bruno Moraes,Santa Cruz,STC,Bruno Moraes,Atacante,0.50,0.50,1,Fluminense,x,Santa Cruz, 4.04,0.96,
Guilherme Arana,Corinthians,COR,Guilherme Arana,Lateral,0.00,0.00,-,Vitória,x,Corinthians, 4.00,0.00,
Vilson,Corinthians,COR,Vilson,Zagueiro,0.00,0.00,-,Vitória,x,Corinthians, 4.00,0.00,
César Benítez,Coritiba,COR,César Benítez,Lateral,0.00,0.00,-,Santos,x,Coritiba, 4.00,0.00,
Serginho,Santos,SAN,Serginho,Meia,0.20,0.20,1,Santos,x,Coritiba, 2.35,0.65,
Amaral,Coritiba,COR,Amaral,Meia,0.00,0.00,-,Santos,x,Coritiba, 4.00,0.00,
Léo Cittadini,Santos,SAN,Léo Cittadini,Meia,0.00,0.00,-,Santos,x,Coritiba, 3.00,0.00,
Ruy,Coritiba,COR,Ruy,Meia,3.00,3.00,1,Santos,x,Coritiba, 5.15,1.15,
Maxi Rolón,Santos,SAN,Maxi Rolón,Atacante,0.20,0.20,1,Santos,x,Coritiba, 2.35,0.65,
Lucas Ramon,Santa Cruz,STC,Lucas Ramon,Lateral,0.00,0.00,-,Fluminense,x,Santa Cruz, 3.00,0.00,
Allan,Santa Cruz,STC,Allan,Lateral,0.00,0.00,-,Fluminense,x,Santa Cruz, 4.00,0.00,
Wellington,Santa Cruz,STC,Wellington,Meia,-1.80,-1.80,1,Fluminense,x,Santa Cruz, 1.62,2.38,
Matheus Vidotto,Corinthians,COR,Matheus Vidotto,Goleiro,0.00,0.00,-,Vitória,x,Corinthians, 3.00,0.00,
Marlone,Corinthians,COR,Marlone,Meia,0.00,0.00,-,Vitória,x,Corinthians, 4.00,0.00,
Nery Bareiro,Coritiba,COR,Nery Bareiro,Zagueiro,0.00,0.00,-,Santos,x,Coritiba, 3.00,0.00,
Paulo Ricardo,Santos,SAN,Paulo Ricardo,Zagueiro,0.00,0.00,-,Santos,x,Coritiba, 2.00,0.00,
John Victor,Santos,SAN,John Victor,Goleiro,0.00,0.00,-,Santos,x,Coritiba, 2.00,0.00,
Guilherme Parede,Coritiba,COR,Guilherme Parede,Atacante,0.00,0.00,-,Santos,x,Coritiba, 4.00,0.00,
Dodô,Coritiba,COR,Dodô,Lateral,9.50,9.50,1,Santos,x,Coritiba, 9.19,6.19,
Luís Cáceres,Coritiba,COR,Luís Cáceres,Meia,0.00,0.00,-,Santos,x,Coritiba, 3.00,0.00,
Matheus Pereira,Corinthians,COR,Matheus Pereira,Meia,0.00,0.00,-,Vitória,x,Corinthians, 2.00,0.00,
Cristian,Corinthians,COR,Cristian,Meia,0.00,0.00,-,Vitória,x,Corinthians, 2.00,0.00,
Leandrinho,Santos,SAN,Leandrinho,Meia,0.00,0.00,-,Santos,x,Coritiba, 2.00,0.00,
Raphael Veiga,Coritiba,COR,Raphael Veiga,Meia,0.00,0.00,-,Santos,x,Coritiba, 3.00,0.00,
Ícaro,Coritiba,COR,Ícaro,Meia,0.00,0.00,-,Santos,x,Coritiba, 3.00,0.00,
Rafael Martins,Coritiba,COR,Rafael Martins,Goleiro,0.00,0.00,-,Santos,x,Coritiba, 2.00,0.00,
Wallyson,Santa Cruz,STC,Wallyson,Atacante,-1.70,-1.70,1,Fluminense,x,Santa Cruz, 1.69,2.31,
João Paulo,Santa Cruz,STC,João Paulo,Meia,0.00,0.00,-,Fluminense,x,Santa Cruz, 6.00,0.00,
Isaac,Corinthians,COR,Isaac,Atacante,0.00,0.00,-,Vitória,x,Corinthians, 2.00,0.00,
Bruno Alves,Figueirense,FIG,Bruno Alves,Zagueiro,7.80,7.80,1,Cruzeiro,x,Figueirense, 10.88,3.88,
Fábio Braga,Coritiba,COR,Fábio Braga,Meia,0.00,0.00,-,Santos,x,Coritiba, 2.00,0.00,
Leonardo,Santa Cruz,STC,Leonardo,Zagueiro,0.00,0.00,-,Fluminense,x,Santa Cruz, 3.00,0.00,
Marquinhos,Figueirense,FIG,Marquinhos,Zagueiro,0.00,0.00,-,Cruzeiro,x,Figueirense, 5.00,0.00,
Carlos Alberto,Figueirense,FIG,Carlos Alberto,Meia,0.00,0.00,-,Cruzeiro,x,Figueirense, 6.00,0.00,
Gatito Fernández,Figueirense,FIG,Gatito Fernández,Goleiro,0.00,0.00,-,Cruzeiro,x,Figueirense, 6.00,0.00,
Índio,Coritiba,COR,Índio,Atacante,0.00,0.00,-,Santos,x,Coritiba, 1.00,0.00,
Rafael Fachin,Coritiba,COR,Rafael Fachin,Goleiro,0.00,0.00,-,Santos,x,Coritiba, 1.00,0.00,
Ermel,Figueirense,FIG,Ermel,Atacante,2.40,2.40,1,Cruzeiro,x,Figueirense, 6.91,0.09,
Evandro,Coritiba,COR,Evandro,Atacante,0.00,0.00,-,Santos,x,Coritiba, 2.00,0.00,
Lucas Gomes,Santa Cruz,STC,Lucas Gomes,Meia,0.00,0.00,-,Fluminense,x,Santa Cruz, 3.00,0.00,
Elias,Figueirense,FIG,Elias,Atacante,0.00,0.00,-,Cruzeiro,x,Figueirense, 2.00,0.00,
Leandro Silva,Figueirense,FIG,Leandro Silva,Lateral,0.00,0.00,-,Cruzeiro,x,Figueirense, 5.00,0.00,
Jackson Caucaia,Figueirense,FIG,Jackson Caucaia,Meia,0.00,0.00,-,Cruzeiro,x,Figueirense, 2.00,0.00,
Elicarlos,Figueirense,FIG,Elicarlos,Meia,5.40,5.40,1,Cruzeiro,x,Figueirense, 7.65,2.65,
Alisson,Figueirense,FIG,Alisson,Goleiro,0.00,0.00,-,Cruzeiro,x,Figueirense, 1.00,0.00,
Michael Ortega,Figueirense,FIG,Michael Ortega,Meia,0.00,0.00,1,Cruzeiro,x,Figueirense, 3.68,1.32,
Henrique Trevisan,Figueirense,FIG,Henrique Trevisan,Zagueiro,0.00,0.00,-,Cruzeiro,x,Figueirense, 1.00,0.00,
Bruno Santos,Figueirense,FIG,Bruno Santos,Lateral,0.00,0.00,-,Cruzeiro,x,Figueirense, 1.00,0.00,
Renatinho,Santa Cruz,STC,Renatinho,Lateral,0.00,0.00,-,Fluminense,x,Santa Cruz, 1.00,0.00,
Gilson Kleina,Coritiba,COR,Gilson Kleina,Técnico,5.24,5.24,1,Santos,x,Coritiba, 6.79,2.79,
Walter Guimarães,Santa Cruz,STC,Walter Guimarães,Zagueiro,0.00,0.00,-,Fluminense,x,Santa Cruz, 2.00,0.00,
Dedé,Santa Cruz,STC,Dedé,Meia,0.00,0.00,-,Fluminense,x,Santa Cruz, 2.00,0.00,
Edson Kölln,Santa Cruz,STC,Edson Kölln,Goleiro,0.00,0.00,-,Fluminense,x,Santa Cruz, 2.00,0.00,
Raniel,Santa Cruz,STC,Raniel,Meia,0.00,0.00,-,Fluminense,x,Santa Cruz, 2.00,0.00,
Daniel Costa,Santa Cruz,STC,Daniel Costa,Meia,0.00,0.00,-,Fluminense,x,Santa Cruz, 3.00,0.00,
Dodô,Figueirense,FIG,Dodô,Meia,0.00,0.00,-,Cruzeiro,x,Figueirense, 5.00,0.00,
Everton Santos,Figueirense,FIG,Everton Santos,Atacante,0.00,0.00,-,Cruzeiro,x,Figueirense, 5.00,0.00,
Marcílio,Santa Cruz,STC,Marcílio,Meia,0.00,0.00,-,Fluminense,x,Santa Cruz, 2.00,0.00,
Luiz Miller,Santa Cruz,STC,Luiz Miller,Goleiro,0.00,0.00,-,Fluminense,x,Santa Cruz, 1.00,0.00,
Bady,Figueirense,FIG,Bady,Meia,2.60,2.60,1,Cruzeiro,x,Figueirense, 8.53,0.47,
Marquinhos Pedroso,Figueirense,FIG,Marquinhos Pedroso,Lateral,5.00,5.00,1,Cruzeiro,x,Figueirense, 6.62,2.62,
Matheusinho,Figueirense,FIG,Matheusinho,Meia,0.00,0.00,-,Cruzeiro,x,Figueirense, 1.00,0.00,
Pedrinho,Santa Cruz,STC,Pedrinho,Meia,0.00,0.00,-,Fluminense,x,Santa Cruz, 1.00,0.00,
Caíque França,Corinthians,COR,Caíque França,Goleiro,0.00,0.00,-,Vitória,x,Corinthians, 1.00,0.00,
Hyago,Figueirense,FIG,Hyago,Meia,0.00,0.00,-,Cruzeiro,x,Figueirense, 1.00,0.00,
Fernando Prass,Palmeiras,PAL,Fernando Prass,Goleiro,4.70,4.70,1,Ponte Preta,x,Palmeiras, 18.90,2.10,
Jaime,Figueirense,FIG,Jaime,Zagueiro,8.40,8.40,1,Cruzeiro,x,Figueirense, 9.12,5.12,
Dudu,Figueirense,FIG,Dudu,Atacante,0.50,0.50,1,Cruzeiro,x,Figueirense, 6.99,2.01,
Pedro Henrique,Corinthians,COR,Pedro Henrique,Zagueiro,0.00,0.00,-,Vitória,x,Corinthians, 1.00,0.00,
Jefferson,Figueirense,FIG,Jefferson,Meia,1.50,1.50,1,Cruzeiro,x,Figueirense, 4.04,0.04,
Vinícius Eutrópio,Figueirense,FIG,Vinícius Eutrópio,Técnico,4.44,4.44,1,Cruzeiro,x,Figueirense, 4.73,2.73,
Egídio,Palmeiras,PAL,Egídio,Lateral,7.70,7.70,1,Ponte Preta,x,Palmeiras, 20.37,0.37,
Ítalo Borges,Santa Cruz,STC,Ítalo Borges,Atacante,0.00,0.00,-,Fluminense,x,Santa Cruz, 1.00,0.00,
Paolo Guerrero,Flamengo,FLA,Paolo Guerrero,Atacante,-4.10,-4.10,1,Grêmio,x,Flamengo, 12.43,8.57,
Claudinho,Corinthians,COR,Claudinho,Atacante,0.00,0.00,-,Vitória,x,Corinthians, 1.00,0.00,
Ferrugem,Figueirense,FIG,Ferrugem,Meia,0.60,0.60,1,Cruzeiro,x,Figueirense, 3.38,0.62,
Gabriel Jesus,Palmeiras,PAL,Gabriel Jesus,Atacante,24.40,24.40,1,Ponte Preta,x,Palmeiras, 31.91,12.91,
Milton Mendes,Santa Cruz,STC,Milton Mendes,Técnico,4.11,4.11,1,Fluminense,x,Santa Cruz, 5.23,2.23,
Yago,Figueirense,FIG,Yago,Meia,0.00,0.00,-,Cruzeiro,x,Figueirense, 4.00,0.00,
Rafael Moura,Figueirense,FIG,Rafael Moura,Atacante,-0.20,-0.20,1,Cruzeiro,x,Figueirense, 5.74,2.26,
Réver,Internacional,INT,Réver,Zagueiro,0.00,0.00,-,São Paulo,x,Internacional, 5.00,0.00,
Gabriel Esteves,Figueirense,FIG,Gabriel Esteves,Atacante,0.00,0.00,-,Cruzeiro,x,Figueirense, 4.00,0.00,
Jorge,Flamengo,FLA,Jorge,Lateral,12.50,12.50,1,Grêmio,x,Flamengo, 20.22,5.22,
Rafael Marques,Palmeiras,PAL,Rafael Marques,Atacante,4.70,4.70,1,Ponte Preta,x,Palmeiras, 8.60,1.60,
Lucas Barrios,Palmeiras,PAL,Lucas Barrios,Atacante,-2.00,-2.00,1,Ponte Preta,x,Palmeiras, 9.56,5.44,
Cleiton Xavier,Palmeiras,PAL,Cleiton Xavier,Meia,9.20,9.20,1,Ponte Preta,x,Palmeiras, 19.27,2.27,
Nirley,Figueirense,FIG,Nirley,Zagueiro,0.00,0.00,-,Cruzeiro,x,Figueirense, 3.00,0.00,
Dudu,Palmeiras,PAL,Dudu,Atacante,0.00,0.00,-,Ponte Preta,x,Palmeiras, 14.00,0.00,
Jocinei,Figueirense,FIG,Jocinei,Meia,7.30,7.30,1,Cruzeiro,x,Figueirense, 7.57,4.57,
Dener,Figueirense,FIG,Dener,Meia,0.00,0.00,-,Cruzeiro,x,Figueirense, 3.00,0.00,
Marcelo Cirino,Flamengo,FLA,Marcelo Cirino,Atacante,3.60,3.60,1,Grêmio,x,Flamengo, 6.32,1.32,
Mancuello,Flamengo,FLA,Mancuello,Meia,1.60,1.60,1,Grêmio,x,Flamengo, 11.47,2.53,
Guilherme Queiroz,Figueirense,FIG,Guilherme Queiroz,Atacante,-0.50,-0.50,1,Cruzeiro,x,Figueirense, 1.84,1.16,
Everton,Flamengo,FLA,Everton,Meia,9.40,9.40,1,Grêmio,x,Flamengo, 16.47,3.47,
Cuéllar,Flamengo,FLA,Cuéllar,Meia,7.60,7.60,1,Grêmio,x,Flamengo, 14.41,2.41,
Gabriel,Palmeiras,PAL,Gabriel,Meia,0.00,0.00,-,Ponte Preta,x,Palmeiras, 16.00,0.00,
Allione,Palmeiras,PAL,Allione,Meia,0.00,0.00,-,Ponte Preta,x,Palmeiras, 10.00,0.00,
Luan Polli,Figueirense,FIG,Luan Polli,Goleiro,0.00,0.00,-,Cruzeiro,x,Figueirense, 2.00,0.00,
Luan,Figueirense,FIG,Luan,Meia,0.00,0.00,-,Cruzeiro,x,Figueirense, 2.00,0.00,
Alecsandro,Palmeiras,PAL,Alecsandro,Atacante,0.70,0.70,1,Ponte Preta,x,Palmeiras, 10.07,2.93,
Zé Roberto,Palmeiras,PAL,Zé Roberto,Meia,0.00,0.00,-,Ponte Preta,x,Palmeiras, 12.00,0.00,
Léo Duarte,Flamengo,FLA,Léo Duarte,Zagueiro,5.60,5.60,1,Grêmio,x,Flamengo, 7.06,3.06,
Alan Patrick,Flamengo,FLA,Alan Patrick,Meia,0.90,0.90,1,Grêmio,x,Flamengo, 8.02,1.98,
Willian Arão,Flamengo,FLA,Willian Arão,Meia,9.00,9.00,1,Grêmio,x,Flamengo, 14.71,3.71,
Paulo Victor,Flamengo,FLA,Paulo Victor,Goleiro,3.80,3.80,1,Grêmio,x,Flamengo, 9.41,0.41,
Fernandinho,Flamengo,FLA,Fernandinho,Atacante,0.00,0.00,-,Grêmio,x,Flamengo, 8.00,0.00,
Fabrício,Palmeiras,PAL,Fabrício,Lateral,0.00,0.00,-,Ponte Preta,x,Palmeiras, 9.00,0.00,
Pará,Flamengo,FLA,Pará,Lateral,0.00,0.00,-,Grêmio,x,Flamengo, 4.00,0.00,
Arouca,Palmeiras,PAL,Arouca,Meia,0.00,0.00,-,Ponte Preta,x,Palmeiras, 8.00,0.00,
Juan,Flamengo,FLA,Juan,Zagueiro,11.70,11.70,1,Grêmio,x,Flamengo, 13.75,6.75,
Wallace,Flamengo,FLA,Wallace,Zagueiro,0.00,0.00,-,Grêmio,x,Flamengo, 6.00,0.00,
Márcio Araújo,Flamengo,FLA,Márcio Araújo,Meia,0.00,0.00,-,Grêmio,x,Flamengo, 5.00,0.00,
Alex Muralha,Flamengo,FLA,Alex Muralha,Goleiro,0.00,0.00,-,Grêmio,x,Flamengo, 5.00,0.00,
César Martins,Flamengo,FLA,César Martins,Zagueiro,0.00,0.00,-,Grêmio,x,Flamengo, 5.00,0.00,
Thiago Martins,Palmeiras,PAL,Thiago Martins,Zagueiro,12.50,12.50,1,Ponte Preta,x,Palmeiras, 13.60,7.60,
Canteros,Flamengo,FLA,Canteros,Meia,0.00,0.00,-,Grêmio,x,Flamengo, 4.00,0.00,
Rodinei,Flamengo,FLA,Rodinei,Lateral,10.00,10.00,1,Grêmio,x,Flamengo, 11.03,6.03,
Gabriel,Flamengo,FLA,Gabriel,Meia,0.00,0.00,-,Grêmio,x,Flamengo, 4.00,0.00,
Vagner,Palmeiras,PAL,Vagner,Goleiro,0.00,0.00,-,Ponte Preta,x,Palmeiras, 5.00,0.00,
Felipe Vizeu,Flamengo,FLA,Felipe Vizeu,Atacante,0.00,0.00,-,Grêmio,x,Flamengo, 4.00,0.00,
Emerson,Flamengo,FLA,Emerson,Atacante,-3.40,-3.40,1,Grêmio,x,Flamengo, 0.74,3.26,
Antonio Carlos,Ponte Preta,PON,Antonio Carlos,Zagueiro,0.00,0.00,-,Ponte Preta,x,Palmeiras, 3.00,0.00,
Erik,Palmeiras,PAL,Erik,Atacante,0.00,0.00,-,Ponte Preta,x,Palmeiras, 5.00,0.00,
Vitor Hugo,Palmeiras,PAL,Vitor Hugo,Zagueiro,5.10,5.10,1,Ponte Preta,x,Palmeiras, 7.43,2.43,
Arthur Henrique,Flamengo,FLA,Arthur Henrique,Lateral,0.00,0.00,-,Grêmio,x,Flamengo, 2.00,0.00,
Matheus Sávio,Flamengo,FLA,Matheus Sávio,Atacante,0.00,0.00,-,Grêmio,x,Flamengo, 2.00,0.00,
Ederson,Flamengo,FLA,Ederson,Meia,4.90,4.90,1,Grêmio,x,Flamengo, 7.28,2.28,
Roger Carvalho,Palmeiras,PAL,Roger Carvalho,Zagueiro,0.00,0.00,-,Ponte Preta,x,Palmeiras, 4.00,0.00,
Rafael Dumas,Flamengo,FLA,Rafael Dumas,Zagueiro,0.00,0.00,-,Grêmio,x,Flamengo, 1.00,0.00,
João Pedro,Palmeiras,PAL,João Pedro,Lateral,0.00,0.00,-,Ponte Preta,x,Palmeiras, 4.00,0.00,
Thiago,Flamengo,FLA,Thiago,Goleiro,0.00,0.00,-,Grêmio,x,Flamengo, 1.00,0.00,
Thiago Santos,Flamengo,FLA,Thiago Santos,Atacante,0.00,0.00,-,Grêmio,x,Flamengo, 1.00,0.00,
Muricy Ramalho,Flamengo,FLA,Muricy Ramalho,Técnico,6.65,6.65,1,Grêmio,x,Flamengo, 12.98,1.98,
Trindade,Flamengo,FLA,Trindade,Meia,0.00,0.00,-,Grêmio,x,Flamengo, 1.00,0.00,
Victor Luis,Botafogo,BOT,Victor Luis,Lateral,3.80,3.80,1,Sport,x,Botafogo, 5.74,1.74,
Régis,Palmeiras,PAL,Régis,Meia,0.00,0.00,-,Ponte Preta,x,Palmeiras, 4.00,0.00,
Thiago Santos,Palmeiras,PAL,Thiago Santos,Meia,0.00,0.00,-,Ponte Preta,x,Palmeiras, 4.00,0.00,
Cícero,Fluminense,FLU,Cícero,Meia,-0.50,-0.50,1,Fluminense,x,Santa Cruz, 10.66,4.34,
Fred,Fluminense,FLU,Fred,Atacante,6.00,6.00,1,Fluminense,x,Santa Cruz, 24.27,2.73,
Cristaldo,Palmeiras,PAL,Cristaldo,Atacante,0.00,0.00,-,Ponte Preta,x,Palmeiras, 4.00,0.00,
Chiquinho,Flamengo,FLA,Chiquinho,Lateral,0.00,0.00,-,Grêmio,x,Flamengo, 3.00,0.00,
Edu Dracena,Palmeiras,PAL,Edu Dracena,Zagueiro,0.00,0.00,-,Ponte Preta,x,Palmeiras, 5.00,0.00,
Gerson,Fluminense,FLU,Gerson,Meia,1.70,1.70,1,Fluminense,x,Santa Cruz, 11.54,2.46,
Leandro Almeida,Palmeiras,PAL,Leandro Almeida,Zagueiro,0.00,0.00,-,Ponte Preta,x,Palmeiras, 3.00,0.00,
Ronaldo,Flamengo,FLA,Ronaldo,Meia,0.00,0.00,-,Grêmio,x,Flamengo, 3.00,0.00,
Gum,Fluminense,FLU,Gum,Zagueiro,4.40,4.40,1,Fluminense,x,Santa Cruz, 12.79,0.21,
Fabiano,Palmeiras,PAL,Fabiano,Lateral,0.00,0.00,-,Ponte Preta,x,Palmeiras, 5.00,0.00,
Rodrigo,Palmeiras,PAL,Rodrigo,Meia,0.00,0.00,-,Ponte Preta,x,Palmeiras, 3.00,0.00,
Lucas Paquetá,Flamengo,FLA,Lucas Paquetá,Meia,0.00,0.00,-,Grêmio,x,Flamengo, 3.00,0.00,
Róger Guedes,Palmeiras,PAL,Róger Guedes,Atacante,7.50,7.50,1,Ponte Preta,x,Palmeiras, 7.72,4.72,
Moisés,Palmeiras,PAL,Moisés,Meia,-0.30,-0.30,1,Ponte Preta,x,Palmeiras, 1.99,1.01,
Wellington Silva,Fluminense,FLU,Wellington Silva,Lateral,9.70,9.70,1,Fluminense,x,Santa Cruz, 11.54,5.54,
Kauê,Palmeiras,PAL,Kauê,Atacante,0.00,0.00,-,Ponte Preta,x,Palmeiras, 1.00,0.00,
Luan,Palmeiras,PAL,Luan,Atacante,0.00,0.00,-,Ponte Preta,x,Palmeiras, 2.00,0.00,
Jailson,Palmeiras,PAL,Jailson,Goleiro,0.00,0.00,-,Ponte Preta,x,Palmeiras, 2.00,0.00,
Nixon,Flamengo,FLA,Nixon,Atacante,0.00,0.00,-,Grêmio,x,Flamengo, 3.00,0.00,
Gustavo Scarpa,Fluminense,FLU,Gustavo Scarpa,Meia,4.90,4.90,1,Fluminense,x,Santa Cruz, 12.43,0.43,
Marcos Junior,Fluminense,FLU,Marcos Junior,Atacante,1.20,1.20,1,Fluminense,x,Santa Cruz, 8.97,2.03,
Matheus Sales,Palmeiras,PAL,Matheus Sales,Meia,3.30,3.30,1,Ponte Preta,x,Palmeiras, 6.10,1.10,
Augusto,Palmeiras,PAL,Augusto,Zagueiro,0.00,0.00,-,Ponte Preta,x,Palmeiras, 1.00,0.00,
Daniel,Flamengo,FLA,Daniel,Goleiro,0.00,0.00,-,Grêmio,x,Flamengo, 2.00,0.00,
Pierre,Fluminense,FLU,Pierre,Meia,0.00,0.00,-,Fluminense,x,Santa Cruz, 10.00,0.00,
Henrique,Fluminense,FLU,Henrique,Zagueiro,4.50,4.50,1,Fluminense,x,Santa Cruz, 9.93,0.93,
Diego Cavalieri,Fluminense,FLU,Diego Cavalieri,Goleiro,7.70,7.70,1,Fluminense,x,Santa Cruz, 9.34,4.34,
Marlon Santos,Fluminense,FLU,Marlon Santos,Zagueiro,0.00,0.00,-,Fluminense,x,Santa Cruz, 5.00,0.00,
Felipe Amorim,Fluminense,FLU,Felipe Amorim,Meia,0.00,0.00,-,Fluminense,x,Santa Cruz, 5.00,0.00,
Edson,Fluminense,FLU,Edson,Meia,2.20,2.20,1,Fluminense,x,Santa Cruz, 5.29,0.29,
Cuca,Palmeiras,PAL,Cuca,Técnico,7.21,7.21,1,Ponte Preta,x,Palmeiras, 13.39,2.39,
Júlio César,Fluminense,FLU,Júlio César,Goleiro,0.00,0.00,-,Fluminense,x,Santa Cruz, 4.00,0.00,
Eduardo,Fluminense,FLU,Eduardo,Meia,0.00,0.00,-,Fluminense,x,Santa Cruz, 3.00,0.00,
Alan Ruschel,Internacional,INT,Alan Ruschel,Lateral,0.00,0.00,-,São Paulo,x,Internacional, 1.00,0.00,
Anderson,Internacional,INT,Anderson,Meia,0.00,0.00,-,São Paulo,x,Internacional, 16.00,0.00,
Vitinho,Internacional,INT,Vitinho,Atacante,-0.80,-0.80,1,São Paulo,x,Internacional, 10.44,4.56,
Valdívia,Internacional,INT,Valdívia,Meia,0.00,0.00,-,São Paulo,x,Internacional, 17.00,0.00,
Osvaldo,Fluminense,FLU,Osvaldo,Atacante,5.20,5.20,1,Fluminense,x,Santa Cruz, 7.50,2.50,
Marcos Felipe,Fluminense,FLU,Marcos Felipe,Goleiro,0.00,0.00,-,Fluminense,x,Santa Cruz, 2.00,0.00,
Andrigo,Internacional,INT,Andrigo,Meia,-1.00,-1.00,1,São Paulo,x,Internacional, 8.09,3.91,
Marlon Freitas,Fluminense,FLU,Marlon Freitas,Meia,0.00,0.00,-,Fluminense,x,Santa Cruz, 2.00,0.00,
Giovanni,Fluminense,FLU,Giovanni,Lateral,4.70,4.70,1,Fluminense,x,Santa Cruz, 6.40,2.40,
Renato Chaves,Fluminense,FLU,Renato Chaves,Zagueiro,0.00,0.00,-,Fluminense,x,Santa Cruz, 4.00,0.00,
Richarlison,Fluminense,FLU,Richarlison,Atacante,5.00,5.00,1,Fluminense,x,Santa Cruz, 6.62,2.62,
Danielzinho,Fluminense,FLU,Danielzinho,Meia,0.00,0.00,-,Fluminense,x,Santa Cruz, 2.00,0.00,
Matheus Phillipe,Fluminense,FLU,Matheus Phillipe,Goleiro,0.00,0.00,-,Fluminense,x,Santa Cruz, 1.00,0.00,
Douglas,Fluminense,FLU,Douglas,Meia,0.00,0.00,-,Fluminense,x,Santa Cruz, 4.00,0.00,
Higor Leite,Fluminense,FLU,Higor Leite,Meia,0.00,0.00,-,Fluminense,x,Santa Cruz, 4.00,0.00,
Paulão,Internacional,INT,Paulão,Zagueiro,-0.40,-0.40,1,São Paulo,x,Internacional, 7.06,2.94,
Rodrigo Dourado,Internacional,INT,Rodrigo Dourado,Meia,0.00,0.00,-,São Paulo,x,Internacional, 11.00,0.00,
Ygor Nogueira,Fluminense,FLU,Ygor Nogueira,Zagueiro,0.00,0.00,-,Fluminense,x,Santa Cruz, 3.00,0.00,
Bryan Olivera,Fluminense,FLU,Bryan Olivera,Meia,0.00,0.00,-,Fluminense,x,Santa Cruz, 1.00,0.00,
Pedro,Fluminense,FLU,Pedro,Atacante,0.00,0.00,-,Fluminense,x,Santa Cruz, 1.00,0.00,
Levir Culpi,Fluminense,FLU,Levir Culpi,Técnico,5.55,5.55,1,Fluminense,x,Santa Cruz, 12.17,1.17,
Fernando Bob,Internacional,INT,Fernando Bob,Meia,3.70,3.70,1,São Paulo,x,Internacional, 12.28,0.72,
Walace,Grêmio,GRE,Walace,Meia,6.10,6.10,1,Grêmio,x,Flamengo, 15.52,0.52,
William,Internacional,INT,William,Lateral,2.70,2.70,1,São Paulo,x,Internacional, 8.60,0.40,
Matheus Bertotto,Internacional,INT,Matheus Bertotto,Meia,0.00,0.00,-,São Paulo,x,Internacional, 3.00,0.00,
Luan,Grêmio,GRE,Luan,Atacante,0.20,0.20,1,Grêmio,x,Flamengo, 10.44,3.56,
Alex,Internacional,INT,Alex,Meia,0.00,0.00,-,São Paulo,x,Internacional, 8.00,0.00,
Ernando,Internacional,INT,Ernando,Zagueiro,4.10,4.10,1,São Paulo,x,Internacional, 8.16,1.16,
Alisson Farias,Internacional,INT,Alisson Farias,Meia,2.00,2.00,1,São Paulo,x,Internacional, 3.68,0.68,
Matheus Oliveira,Internacional,INT,Matheus Oliveira,Lateral,0.00,0.00,-,São Paulo,x,Internacional, 1.00,0.00,
Muriel,Internacional,INT,Muriel,Goleiro,0.00,0.00,-,São Paulo,x,Internacional, 2.00,0.00,
Maicon,Grêmio,GRE,Maicon,Meia,2.70,2.70,1,Grêmio,x,Flamengo, 7.87,0.13,
Fabinho,Internacional,INT,Fabinho,Meia,-0.50,-0.50,1,São Paulo,x,Internacional, 4.04,1.96,
Giuliano,Grêmio,GRE,Giuliano,Meia,0.20,0.20,1,Grêmio,x,Flamengo, 9.71,3.29,
Luiz Carlos,Sport,SPO,Luiz Carlos,Goleiro,0.00,0.00,-,Sport,x,Botafogo, 2.00,0.00,
Artur,Internacional,INT,Artur,Lateral,5.20,5.20,1,São Paulo,x,Internacional, 7.50,2.50,
Kaike,Internacional,INT,Kaike,Lateral,0.00,0.00,-,São Paulo,x,Internacional, 1.00,0.00,
Gustavo Ramos,Internacional,INT,Gustavo Ramos,Atacante,0.00,0.00,-,São Paulo,x,Internacional, 1.00,0.00,
Silas,Internacional,INT,Silas,Meia,0.00,0.00,-,São Paulo,x,Internacional, 1.00,0.00,
Douglas,Grêmio,GRE,Douglas,Meia,0.00,0.00,-,Grêmio,x,Flamengo, 12.00,0.00,
Eduardo,Internacional,INT,Eduardo,Zagueiro,0.00,0.00,-,São Paulo,x,Internacional, 2.00,0.00,
Yan Petter,Internacional,INT,Yan Petter,Meia,0.00,0.00,-,São Paulo,x,Internacional, 1.00,0.00,
Argel Fucks,Internacional,INT,Argel Fucks,Técnico,2.35,2.35,1,São Paulo,x,Internacional, 8.35,0.65,
Raphinha,Internacional,INT,Raphinha,Lateral,0.00,0.00,-,São Paulo,x,Internacional, 2.00,0.00,
Nilton,Internacional,INT,Nilton,Meia,0.00,0.00,-,São Paulo,x,Internacional, 5.00,0.00,
Henrique Almeida,Grêmio,GRE,Henrique Almeida,Atacante,-2.00,-2.00,1,Grêmio,x,Flamengo, 3.68,3.32,
Eduardo Sasha,Internacional,INT,Eduardo Sasha,Atacante,1.10,1.10,1,São Paulo,x,Internacional, 4.49,0.51,
Marquinhos,Internacional,INT,Marquinhos,Meia,0.20,0.20,1,São Paulo,x,Internacional, 3.82,1.18,
Bobô,Grêmio,GRE,Bobô,Atacante,0.70,0.70,1,Grêmio,x,Flamengo, 4.93,1.07,
Wallace Oliveira,Grêmio,GRE,Wallace Oliveira,Lateral,0.00,0.00,-,Grêmio,x,Flamengo, 5.00,0.00,
Bressan,Grêmio,GRE,Bressan,Zagueiro,0.00,0.00,-,Grêmio,x,Flamengo, 5.00,0.00,
Fred,Grêmio,GRE,Fred,Zagueiro,3.30,3.30,1,Grêmio,x,Flamengo, 10.52,0.48,
Alex Santana,Internacional,INT,Alex Santana,Meia,0.00,0.00,-,São Paulo,x,Internacional, 2.00,0.00,
Edinho,Grêmio,GRE,Edinho,Meia,-2.50,-2.50,1,Grêmio,x,Flamengo, 1.84,3.16,
Ramiro,Grêmio,GRE,Ramiro,Meia,7.90,7.90,1,Grêmio,x,Flamengo, 9.49,4.49,
Alan Costa,Internacional,INT,Alan Costa,Zagueiro,0.00,0.00,-,São Paulo,x,Internacional, 4.00,0.00,
Silva,Internacional,INT,Silva,Meia,0.00,0.00,-,São Paulo,x,Internacional, 2.00,0.00,
Paulo Cezar,Internacional,INT,Paulo Cezar,Lateral,0.00,0.00,-,São Paulo,x,Internacional, 4.00,0.00,
Marcelo Oliveira,Grêmio,GRE,Marcelo Oliveira,Lateral,4.60,4.60,1,Grêmio,x,Flamengo, 10.74,0.74,
Bruno Grassi,Grêmio,GRE,Bruno Grassi,Goleiro,0.00,0.00,-,Grêmio,x,Flamengo, 4.00,0.00,
Werley,Grêmio,GRE,Werley,Zagueiro,0.00,0.00,-,Grêmio,x,Flamengo, 4.00,0.00,
Pedro Rocha,Grêmio,GRE,Pedro Rocha,Atacante,0.00,0.00,-,Grêmio,x,Flamengo, 5.00,0.00,
Jair,Internacional,INT,Jair,Meia,0.00,0.00,-,São Paulo,x,Internacional, 4.00,0.00,
Gustavo Ferrareis,Internacional,INT,Gustavo Ferrareis,Meia,0.00,0.00,1,São Paulo,x,Internacional, 2.94,1.06,
Bruno Baio,Internacional,INT,Bruno Baio,Atacante,0.00,0.00,-,São Paulo,x,Internacional, 2.00,0.00,
Marcelo Hermes,Grêmio,GRE,Marcelo Hermes,Lateral,0.00,0.00,-,Grêmio,x,Flamengo, 4.00,0.00,
Lincoln,Grêmio,GRE,Lincoln,Meia,0.00,0.00,-,Grêmio,x,Flamengo, 9.00,0.00,
Aylon,Internacional,INT,Aylon,Atacante,4.10,4.10,1,São Paulo,x,Internacional, 5.96,1.96,
Keiller,Internacional,INT,Keiller,Goleiro,0.00,0.00,-,São Paulo,x,Internacional, 1.00,0.00,
Kaio,Grêmio,GRE,Kaio,Meia,0.00,0.00,-,Grêmio,x,Flamengo, 4.00,0.00,
Geferson,Internacional,INT,Geferson,Lateral,0.00,0.00,-,São Paulo,x,Internacional, 3.00,0.00,
Douglas Friedrich,Grêmio,GRE,Douglas Friedrich,Goleiro,0.00,0.00,-,Grêmio,x,Flamengo, 3.00,0.00,
Everton,Grêmio,GRE,Everton,Atacante,0.50,0.50,1,Grêmio,x,Flamengo, 3.31,0.69,
Marcelo Grohe,Grêmio,GRE,Marcelo Grohe,Goleiro,3.00,3.00,1,Grêmio,x,Flamengo, 8.09,0.09,
Eriks,Internacional,INT,Eriks,Zagueiro,0.00,0.00,-,São Paulo,x,Internacional, 1.00,0.00,
Rafael Thyere,Grêmio,GRE,Rafael Thyere,Zagueiro,0.00,0.00,-,Grêmio,x,Flamengo, 3.00,0.00,
Wesley,Grêmio,GRE,Wesley,Lateral,0.00,0.00,-,Grêmio,x,Flamengo, 3.00,0.00,
Moisés,Grêmio,GRE,Moisés,Meia,0.00,0.00,-,Grêmio,x,Flamengo, 3.00,0.00,
Tiago,Grêmio,GRE,Tiago,Goleiro,0.00,0.00,-,Grêmio,x,Flamengo, 2.00,0.00,
Miller Bolaños,Grêmio,GRE,Miller Bolaños,Atacante,-2.60,-2.60,1,Grêmio,x,Flamengo, 11.32,6.68,
Jacsson,Internacional,INT,Jacsson,Goleiro,0.00,0.00,-,São Paulo,x,Internacional, 3.00,0.00,
Pedro Geromel,Grêmio,GRE,Pedro Geromel,Zagueiro,7.50,7.50,1,Grêmio,x,Flamengo, 17.28,1.28,
Lenis,Sport,SPO,Lenis,Atacante,-0.50,-0.50,1,Sport,x,Botafogo, 10.66,4.34,
Léo Tilica,Grêmio,GRE,Léo Tilica,Atacante,0.00,0.00,-,Grêmio,x,Flamengo, 1.00,0.00,
Roger Machado,Grêmio,GRE,Roger Machado,Técnico,2.69,2.69,1,Grêmio,x,Flamengo, 11.54,1.46,
Willian,Cruzeiro,CRU,Willian,Atacante,4.10,4.10,1,Cruzeiro,x,Figueirense, 16.25,1.75,
Jailson,Grêmio,GRE,Jailson,Meia,0.00,0.00,-,Grêmio,x,Flamengo, 2.00,0.00,
Raul,Grêmio,GRE,Raul,Lateral,0.00,0.00,-,Grêmio,x,Flamengo, 2.00,0.00,
Batista,Grêmio,GRE,Batista,Atacante,0.00,0.00,-,Grêmio,x,Flamengo, 1.00,0.00,
Arrascaeta,Cruzeiro,CRU,Arrascaeta,Meia,0.00,0.00,-,Cruzeiro,x,Figueirense, 17.00,0.00,
Iago,Grêmio,GRE,Iago,Lateral,0.00,0.00,-,Grêmio,x,Flamengo, 1.00,0.00,
Tontini,Grêmio,GRE,Tontini,Meia,0.00,0.00,-,Grêmio,x,Flamengo, 2.00,0.00,
Braian Rodríguez,Grêmio,GRE,Braian Rodríguez,Atacante,0.00,0.00,-,Grêmio,x,Flamengo, 2.00,0.00,
Diego Souza,Sport,SPO,Diego Souza,Meia,3.60,3.60,1,Sport,x,Botafogo, 18.09,2.91,
Mark González,Sport,SPO,Mark González,Meia,-1.30,-1.30,1,Sport,x,Botafogo, 8.60,4.40,
Denilson,Grêmio,GRE,Denilson,Zagueiro,0.00,0.00,-,Grêmio,x,Flamengo, 1.00,0.00,
Matheus Nogueira,Grêmio,GRE,Matheus Nogueira,Goleiro,0.00,0.00,-,Grêmio,x,Flamengo, 1.00,0.00,
Léo,Grêmio,GRE,Léo,Goleiro,0.00,0.00,-,Grêmio,x,Flamengo, 1.00,0.00,
Arthur,Grêmio,GRE,Arthur,Meia,0.00,0.00,-,Grêmio,x,Flamengo, 1.00,0.00,
Renê,Sport,SPO,Renê,Lateral,6.70,6.70,1,Sport,x,Botafogo, 15.22,1.22,
Araújo,Grêmio,GRE,Araújo,Meia,0.00,0.00,-,Grêmio,x,Flamengo, 1.00,0.00,
Lucas Rex,Grêmio,GRE,Lucas Rex,Zagueiro,0.00,0.00,-,Grêmio,x,Flamengo, 1.00,0.00,
Balbino,Grêmio,GRE,Balbino,Meia,0.00,0.00,-,Grêmio,x,Flamengo, 1.00,0.00,
Bruno Rodrigo,Cruzeiro,CRU,Bruno Rodrigo,Zagueiro,1.10,1.10,1,Cruzeiro,x,Figueirense, 11.84,3.16,
Ariel Cabral,Cruzeiro,CRU,Ariel Cabral,Meia,1.40,1.40,1,Cruzeiro,x,Figueirense, 11.32,2.68,
Rithely,Sport,SPO,Rithely,Meia,-2.60,-2.60,1,Sport,x,Botafogo, 6.91,5.09,
Durval,Sport,SPO,Durval,Zagueiro,2.20,2.20,1,Sport,x,Botafogo, 9.71,1.29,
Luiz Antonio,Sport,SPO,Luiz Antonio,Meia,0.00,0.00,-,Sport,x,Botafogo, 10.00,0.00,
Alisson,Cruzeiro,CRU,Alisson,Atacante,0.00,0.00,-,Cruzeiro,x,Figueirense, 12.00,0.00,
Mayke,Cruzeiro,CRU,Mayke,Lateral,0.00,0.00,-,Cruzeiro,x,Figueirense, 13.00,0.00,
Danilo Fernandes,Internacional,INT,Danilo Fernandes,Goleiro,0.00,0.00,-,São Paulo,x,Internacional, 9.00,0.00,
Manoel,Cruzeiro,CRU,Manoel,Zagueiro,0.00,0.00,-,Cruzeiro,x,Figueirense, 10.00,0.00,
Gabriel Xavier,Sport,SPO,Gabriel Xavier,Meia,2.60,2.60,1,Sport,x,Botafogo, 5.59,0.59,
Vinícius Araújo,Sport,SPO,Vinícius Araújo,Atacante,-1.50,-1.50,1,Sport,x,Botafogo, 4.04,2.96,
Samuel Xavier,Sport,SPO,Samuel Xavier,Lateral,-0.30,-0.30,1,Sport,x,Botafogo, 5.66,2.34,
Oswaldo Henríquez,Sport,SPO,Oswaldo Henríquez,Zagueiro,4.30,4.30,1,Sport,x,Botafogo, 7.57,1.57,
Lucas,Cruzeiro,CRU,Lucas,Lateral,-8.40,-8.40,1,Cruzeiro,x,Figueirense, 0.74,8.26,
Fábio,Cruzeiro,CRU,Fábio,Goleiro,9.70,9.70,1,Cruzeiro,x,Figueirense, 13.75,4.75,
Marcos Vinícius,Cruzeiro,CRU,Marcos Vinícius,Meia,0.00,0.00,-,Cruzeiro,x,Figueirense, 5.00,0.00,
Magrão,Sport,SPO,Magrão,Goleiro,4.00,4.00,1,Sport,x,Botafogo, 6.62,1.62,
Federico Gino,Cruzeiro,CRU,Federico Gino,Meia,0.00,0.00,-,Cruzeiro,x,Figueirense, 8.00,0.00,
Matheus Ferraz,Sport,SPO,Matheus Ferraz,Zagueiro,0.00,0.00,-,Sport,x,Botafogo, 5.00,0.00,
Serginho,Sport,SPO,Serginho,Meia,1.20,1.20,1,Sport,x,Botafogo, 4.56,0.44,
Sánchez Miño,Cruzeiro,CRU,Sánchez Miño,Lateral,-2.10,-2.10,1,Cruzeiro,x,Figueirense, 2.87,3.13,
Dedé,Cruzeiro,CRU,Dedé,Zagueiro,0.00,0.00,-,Cruzeiro,x,Figueirense, 5.00,0.00,
Rafael Silva,Cruzeiro,CRU,Rafael Silva,Atacante,0.00,0.00,-,Cruzeiro,x,Figueirense, 7.00,0.00,
Lucas Romero,Cruzeiro,CRU,Lucas Romero,Meia,-3.70,-3.70,1,Cruzeiro,x,Figueirense, 0.96,4.04,
Élber,Cruzeiro,CRU,Élber,Meia,7.40,7.40,1,Cruzeiro,x,Figueirense, 9.12,4.12,
Robinho,Cruzeiro,CRU,Robinho,Meia,0.00,0.00,-,Cruzeiro,x,Figueirense, 7.00,0.00,
Túlio de Melo,Sport,SPO,Túlio de Melo,Atacante,0.00,0.00,1,Sport,x,Botafogo, 3.68,1.32,
Luis Gustavo,Sport,SPO,Luis Gustavo,Zagueiro,0.00,0.00,-,Sport,x,Botafogo, 4.00,0.00,
Neto Moura,Sport,SPO,Neto Moura,Meia,-0.80,-0.80,1,Sport,x,Botafogo, 2.35,1.65,
Everton Felipe,Sport,SPO,Everton Felipe,Meia,0.00,0.00,-,Sport,x,Botafogo, 4.00,0.00,
Rafael,Cruzeiro,CRU,Rafael,Goleiro,0.00,0.00,-,Cruzeiro,x,Figueirense, 4.00,0.00,
Douglas Coutinho,Cruzeiro,CRU,Douglas Coutinho,Atacante,-0.50,-0.50,1,Cruzeiro,x,Figueirense, 3.31,1.69,
Marciel,Cruzeiro,CRU,Marciel,Meia,0.00,0.00,-,Cruzeiro,x,Figueirense, 3.00,0.00,
Bruno Viana,Cruzeiro,CRU,Bruno Viana,Zagueiro,0.00,0.00,-,Cruzeiro,x,Figueirense, 3.00,0.00,
Léo,Cruzeiro,CRU,Léo,Zagueiro,-2.00,-2.00,1,Cruzeiro,x,Figueirense, 1.47,2.53,
Christiano,Sport,SPO,Christiano,Lateral,0.00,0.00,-,Sport,x,Botafogo, 4.00,0.00,
Henrique,Cruzeiro,CRU,Henrique,Meia,5.10,5.10,1,Cruzeiro,x,Figueirense, 6.69,2.69,
Allano,Cruzeiro,CRU,Allano,Atacante,0.30,0.30,1,Cruzeiro,x,Figueirense, 3.16,0.84,
Pisano,Cruzeiro,CRU,Pisano,Meia,0.00,0.00,1,Cruzeiro,x,Figueirense, 2.94,1.06,
Lucas França,Cruzeiro,CRU,Lucas França,Goleiro,0.00,0.00,-,Cruzeiro,x,Figueirense, 2.00,0.00,
Judivan,Cruzeiro,CRU,Judivan,Atacante,0.00,0.00,-,Cruzeiro,x,Figueirense, 3.00,0.00,
Fabrício Bruno,Cruzeiro,CRU,Fabrício Bruno,Zagueiro,0.00,0.00,-,Cruzeiro,x,Figueirense, 2.00,0.00,
Johnathan Goiano,Sport,SPO,Johnathan Goiano,Atacante,0.00,0.00,-,Sport,x,Botafogo, 4.00,0.00,
João Carlos,Ponte Preta,PON,João Carlos,Goleiro,8.00,8.00,1,Ponte Preta,x,Palmeiras, 8.82,4.82,
Maicon,Sport,SPO,Maicon,Lateral,0.00,0.00,-,Sport,x,Botafogo, 3.00,0.00,
Ronaldo,Sport,SPO,Ronaldo,Meia,0.00,0.00,-,Sport,x,Botafogo, 3.00,0.00,
Bruno Nazário,Cruzeiro,CRU,Bruno Nazário,Meia,0.00,0.00,-,Cruzeiro,x,Figueirense, 2.00,0.00,
Alex,Cruzeiro,CRU,Alex,Meia,0.00,0.00,-,Cruzeiro,x,Figueirense, 1.00,0.00,
Hugo Ragelli,Cruzeiro,CRU,Hugo Ragelli,Atacante,0.00,0.00,-,Cruzeiro,x,Figueirense, 2.00,0.00,
Lucão,Cruzeiro,CRU,Lucão,Goleiro,0.00,0.00,-,Cruzeiro,x,Figueirense, 1.00,0.00,
Fábio,Sport,SPO,Fábio,Meia,0.00,0.00,-,Sport,x,Botafogo, 3.00,0.00,
Wallace,Sport,SPO,Wallace,Atacante,0.00,0.00,-,Sport,x,Botafogo, 3.00,0.00,
Adryelson,Sport,SPO,Adryelson,Zagueiro,0.00,0.00,-,Sport,x,Botafogo, 2.00,0.00,
Oswaldo de Oliveira,Sport,SPO,Oswaldo de Oliveira,Técnico,1.60,1.60,1,Sport,x,Botafogo, 6.32,0.68,
Sinho,Sport,SPO,Sinho,Lateral,0.00,0.00,-,Sport,x,Botafogo, 2.00,0.00,
Wellington Paulista,Ponte Preta,PON,Wellington Paulista,Atacante,1.60,1.60,1,Ponte Preta,x,Palmeiras, 10.00,2.00,
Eurico,Cruzeiro,CRU,Eurico,Meia,0.00,0.00,-,Cruzeiro,x,Figueirense, 3.00,0.00,
Rodrigo Mancha,Sport,SPO,Rodrigo Mancha,Meia,0.00,0.00,-,Sport,x,Botafogo, 2.00,0.00,
Felipe Azevedo,Ponte Preta,PON,Felipe Azevedo,Atacante,4.10,4.10,1,Ponte Preta,x,Palmeiras, 10.37,0.37,
Elton,Ponte Preta,PON,Elton,Meia,0.00,0.00,-,Ponte Preta,x,Palmeiras, 8.00,0.00,
Clayton,Sport,SPO,Clayton,Meia,0.00,0.00,-,Sport,x,Botafogo, 2.00,0.00,
Douglas Grolli,Ponte Preta,PON,Douglas Grolli,Zagueiro,4.40,4.40,1,Ponte Preta,x,Palmeiras, 9.85,0.85,
Thallyson,Sport,SPO,Thallyson,Atacante,0.00,0.00,-,Sport,x,Botafogo, 2.00,0.00,
Reinaldo,Ponte Preta,PON,Reinaldo,Lateral,9.90,9.90,1,Ponte Preta,x,Palmeiras, 12.43,5.43,
Roger,Ponte Preta,PON,Roger,Atacante,1.20,1.20,1,Ponte Preta,x,Palmeiras, 6.03,0.97,
Evandro,Sport,SPO,Evandro,Lateral,0.00,0.00,-,Sport,x,Botafogo, 1.00,0.00,
Henrique Mattos,Sport,SPO,Henrique Mattos,Zagueiro,0.00,0.00,-,Sport,x,Botafogo, 1.00,0.00,
Lucas Ferreira,Sport,SPO,Lucas Ferreira,Goleiro,0.00,0.00,-,Sport,x,Botafogo, 1.00,0.00,
Juninho,Sport,SPO,Juninho,Meia,0.00,0.00,-,Sport,x,Botafogo, 1.00,0.00,
Cristian,Ponte Preta,PON,Cristian,Meia,0.00,0.00,-,Ponte Preta,x,Palmeiras, 6.00,0.00,
Ravanelli,Ponte Preta,PON,Ravanelli,Meia,2.10,2.10,1,Ponte Preta,x,Palmeiras, 5.96,0.04,
Vinícius Bala,Sport,SPO,Vinícius Bala,Atacante,0.00,0.00,-,Sport,x,Botafogo, 1.00,0.00,
Fábio Ferreira,Ponte Preta,PON,Fábio Ferreira,Zagueiro,0.00,0.00,-,Ponte Preta,x,Palmeiras, 5.00,0.00,
Horácio,Sport,SPO,Horácio,Meia,0.00,0.00,-,Sport,x,Botafogo, 1.00,0.00,
Índio,Sport,SPO,Índio,Atacante,0.00,0.00,-,Sport,x,Botafogo, 1.00,0.00,
Renato,Ponte Preta,PON,Renato,Meia,0.00,0.00,-,Ponte Preta,x,Palmeiras, 5.00,0.00,
Jeferson,Ponte Preta,PON,Jeferson,Lateral,4.40,4.40,1,Ponte Preta,x,Palmeiras, 6.91,1.91,
Alison,Sport,SPO,Alison,Atacante,0.00,0.00,-,Sport,x,Botafogo, 1.00,0.00,
Fabrício,Sport,SPO,Fabrício,Meia,0.00,0.00,-,Sport,x,Botafogo, 1.00,0.00,
Gabriel,Grêmio,GRE,Gabriel,Zagueiro,0.00,0.00,-,Grêmio,x,Flamengo, 3.00,0.00,
Rhayner,Ponte Preta,PON,Rhayner,Atacante,-0.30,-0.30,1,Ponte Preta,x,Palmeiras, 3.46,1.54,
Tiago Alves,Ponte Preta,PON,Tiago Alves,Zagueiro,0.00,0.00,-,Ponte Preta,x,Palmeiras, 4.00,0.00,
Felipe Menezes,Ponte Preta,PON,Felipe Menezes,Meia,1.70,1.70,1,Ponte Preta,x,Palmeiras, 4.93,0.07,
Wellington,Ponte Preta,PON,Wellington,Zagueiro,0.00,0.00,-,Ponte Preta,x,Palmeiras, 2.00,0.00,
Nino Paraíba,Ponte Preta,PON,Nino Paraíba,Lateral,0.00,0.00,-,Ponte Preta,x,Palmeiras, 4.00,0.00,
Jonas,Ponte Preta,PON,Jonas,Meia,0.00,0.00,-,Ponte Preta,x,Palmeiras, 4.00,0.00,
Gilson,Ponte Preta,PON,Gilson,Lateral,0.00,0.00,-,Ponte Preta,x,Palmeiras, 2.00,0.00,
Matheus Jesus,Ponte Preta,PON,Matheus Jesus,Meia,1.80,1.80,1,Ponte Preta,x,Palmeiras, 2.79,0.79,
Léo Cereja,Ponte Preta,PON,Léo Cereja,Meia,0.00,0.00,-,Ponte Preta,x,Palmeiras, 2.00,0.00,
Clayson,Ponte Preta,PON,Clayson,Meia,-4.10,-4.10,1,Ponte Preta,x,Palmeiras, 0.74,3.26,
Taiberson,Ponte Preta,PON,Taiberson,Atacante,0.00,0.00,-,Ponte Preta,x,Palmeiras, 4.00,0.00,
César,Ponte Preta,PON,César,Goleiro,0.00,0.00,-,Ponte Preta,x,Palmeiras, 3.00,0.00,
Ivan,Ponte Preta,PON,Ivan,Goleiro,0.00,0.00,-,Ponte Preta,x,Palmeiras, 1.00,0.00,
Kadu,Ponte Preta,PON,Kadu,Zagueiro,3.80,3.80,1,Ponte Preta,x,Palmeiras, 5.00,2.00,
Ayrton,Figueirense,FIG,Ayrton,Lateral,0.00,0.00,-,Cruzeiro,x,Figueirense, 7.00,0.00,
Eduardo Baptista,Ponte Preta,PON,Eduardo Baptista,Técnico,3.35,3.35,1,Ponte Preta,x,Palmeiras, 9.08,0.08,
Diogo Mateus,Ponte Preta,PON,Diogo Mateus,Lateral,0.00,0.00,-,Ponte Preta,x,Palmeiras, 3.00,0.00,
Vecchio,Santos,SAN,Vecchio,Meia,0.00,0.00,-,Santos,x,Coritiba, 8.00,0.00,
Renê Júnior,Ponte Preta,PON,Renê Júnior,Meia,0.00,0.00,-,Ponte Preta,x,Palmeiras, 6.00,0.00,
Thiago Rodrigues,Figueirense,FIG,Thiago Rodrigues,Goleiro,0.00,0.00,-,Cruzeiro,x,Figueirense, 3.00,0.00,
Geovane Maranhão,Botafogo,BOT,Geovane Maranhão,Atacante,0.00,0.00,-,Sport,x,Botafogo, 4.00,0.00,
Matheus Inácio,Ponte Preta,PON,Matheus Inácio,Goleiro,0.00,0.00,-,Ponte Preta,x,Palmeiras, 2.00,0.00,
William Pottker,Ponte Preta,PON,William Pottker,Atacante,0.00,0.00,-,Ponte Preta,x,Palmeiras, 7.00,0.00,
Samuel,Fluminense,FLU,Samuel,Atacante,0.00,0.00,-,Fluminense,x,Santa Cruz, 4.00,0.00,
César González,Coritiba,COR,César González,Meia,0.10,0.10,1,Santos,x,Coritiba, 3.01,0.99,
Gabriel Gasparotto,Santos,SAN,Gabriel Gasparotto,Goleiro,0.00,0.00,-,Santos,x,Coritiba, 3.00,0.00,
Igor Julião,Fluminense,FLU,Igor Julião,Lateral,0.00,0.00,-,Fluminense,x,Santa Cruz, 2.00,0.00,
Yerry Mina,Palmeiras,PAL,Yerry Mina,Zagueiro,0.00,0.00,-,Ponte Preta,x,Palmeiras, 8.00,0.00,
Guilherme Morassi,Figueirense,FIG,Guilherme Morassi,Lateral,0.00,0.00,-,Cruzeiro,x,Figueirense, 2.00,0.00,
Bruno Edgar,Cruzeiro,CRU,Bruno Edgar,Meia,-0.80,-0.80,1,Cruzeiro,x,Figueirense, 2.35,1.65,
Lucas Lovat,Grêmio,GRE,Lucas Lovat,Lateral,0.00,0.00,-,Grêmio,x,Flamengo, 4.00,0.00,
Wiliam Barbio,América-MG,AME,Wiliam Barbio,Atacante,0.00,0.00,-,Chapecoense,x,América-MG, 4.00,0.00,
Tchê Tchê,Palmeiras,PAL,Tchê Tchê,Meia,-0.40,-0.40,1,Ponte Preta,x,Palmeiras, 3.38,1.62,
Hélder,América-MG,AME,Hélder,Lateral,0.00,0.00,-,Chapecoense,x,América-MG, 2.00,0.00,
João Vitor,Ponte Preta,PON,João Vitor,Meia,-1.80,-1.80,1,Ponte Preta,x,Palmeiras, 0.88,2.12,
Marquinho,Botafogo,BOT,Marquinho,Meia,0.00,0.00,-,Sport,x,Botafogo, 3.00,0.00,
Fernando Gabriel,Santa Cruz,STC,Fernando Gabriel,Meia,9.50,9.50,1,Fluminense,x,Santa Cruz, 9.19,6.19,
Anselmo,Internacional,INT,Anselmo,Meia,0.00,0.00,-,São Paulo,x,Internacional, 6.00,0.00,
Walter,Atlético-PR,ATL,Walter,Atacante,-0.70,-0.70,1,Atlético-PR,x,Atlético-MG, 13.46,5.54,
Auro,São Paulo,SAO,Auro,Lateral,5.30,5.30,1,São Paulo,x,Internacional, 6.10,3.10,
Álex Bolaños,Santa Cruz,STC,Álex Bolaños,Meia,0.00,0.00,-,Fluminense,x,Santa Cruz, 3.00,0.00,
Rivaldinho,Internacional,INT,Rivaldinho,Atacante,0.00,0.00,-,São Paulo,x,Internacional, 5.00,0.00,
Banguelê,São Paulo,SAO,Banguelê,Meia,-1.10,-1.10,1,São Paulo,x,Internacional, 0.74,1.26,
Magno Alves,Fluminense,FLU,Magno Alves,Atacante,0.00,0.00,-,Fluminense,x,Santa Cruz, 7.00,0.00,
Vinícius Silvestre,Palmeiras,PAL,Vinícius Silvestre,Goleiro,0.00,0.00,-,Ponte Preta,x,Palmeiras, 1.00,0.00,
Yuri,Santos,SAN,Yuri,Meia,0.00,0.00,-,Santos,x,Coritiba, 3.00,0.00,
Jonathan,Fluminense,FLU,Jonathan,Lateral,4.40,4.40,1,Fluminense,x,Santa Cruz, 9.12,1.12,
Jean,Palmeiras,PAL,Jean,Meia,2.20,2.20,1,Ponte Preta,x,Palmeiras, 9.71,1.29,
Leonan,Atlético-MG,ATL,Leonan,Meia,0.00,0.00,-,Atlético-PR,x,Atlético-MG, 2.00,0.00,
Filipinho,Atlético-MG,ATL,Filipinho,Atacante,0.00,0.00,-,Atlético-PR,x,Atlético-MG, 1.00,0.00,
Rodrigo Pimpão,Botafogo,BOT,Rodrigo Pimpão,Atacante,0.00,0.00,-,Sport,x,Botafogo, 6.00,0.00,
Thiago Galhardo,Ponte Preta,PON,Thiago Galhardo,Meia,0.00,0.00,-,Ponte Preta,x,Palmeiras, 6.00,0.00,
Matheus Nolasco,Santos,SAN,Matheus Nolasco,Atacante,3.20,3.20,1,Santos,x,Coritiba, 3.09,2.09,
Gregore,Santos,SAN,Gregore,Meia,0.00,0.00,-,Santos,x,Coritiba, 1.00,0.00,
Igor,Santos,SAN,Igor,Meia,0.00,0.00,-,Santos,x,Coritiba, 1.00,0.00,
Ortega,Santa Cruz,STC,Ortega,Lateral,0.00,0.00,-,Fluminense,x,Santa Cruz, 1.00,0.00,
Danilo,Santos,SAN,Danilo,Meia,0.00,0.00,-,Santos,x,Coritiba, 1.00,0.00,
Lucão,Santa Cruz,STC,Lucão,Zagueiro,0.00,0.00,-,Fluminense,x,Santa Cruz, 1.00,0.00,
Rafael Oller,Santos,SAN,Rafael Oller,Meia,0.00,0.00,-,Santos,x,Coritiba, 1.00,0.00,
Matheus,Santa Cruz,STC,Matheus,Meia,0.00,0.00,-,Fluminense,x,Santa Cruz, 1.00,0.00,
Cleber,Santa Cruz,STC,Cleber,Meia,0.00,0.00,-,Fluminense,x,Santa Cruz, 1.00,0.00,
Bruno Leonardo,Santos,SAN,Bruno Leonardo,Meia,0.00,0.00,-,Santos,x,Coritiba, 1.00,0.00,
Ailton,Santa Cruz,STC,Ailton,Atacante,0.00,0.00,-,Fluminense,x,Santa Cruz, 1.00,0.00,
Marcus Vinicius,Figueirense,FIG,Marcus Vinicius,Meia,0.00,0.00,-,Cruzeiro,x,Figueirense, 2.00,0.00,
Paulo Bento,Cruzeiro,CRU,Paulo Bento,Técnico,0.00,0.00,-,Cruzeiro,x,Figueirense, 2.25,0.00,
Roger,América-MG,AME,Roger,Zagueiro,0.00,0.00,-,Chapecoense,x,América-MG, 1.00,0.00,
Maktom,América-MG,AME,Maktom,Meia,0.00,0.00,-,Chapecoense,x,América-MG, 1.00,0.00,
Marcelo,Botafogo,BOT,Marcelo,Zagueiro,0.00,0.00,-,Sport,x,Botafogo, 1.00,0.00,
Messias,América-MG,AME,Messias,Zagueiro,0.00,0.00,-,Chapecoense,x,América-MG, 1.00,0.00,
Renato Bruno,América-MG,AME,Renato Bruno,Meia,0.00,0.00,-,Chapecoense,x,América-MG, 1.00,0.00,
Vitinho,América-MG,AME,Vitinho,Atacante,0.00,0.00,-,Chapecoense,x,América-MG, 1.00,0.00,
Givanildo Oliveira,América-MG,AME,Givanildo Oliveira,Técnico,3.10,3.10,1,Chapecoense,x,América-MG, 4.49,1.49,
Lucas Pratto,Atlético-MG,ATL,Lucas Pratto,Atacante,0.00,0.00,-,Atlético-PR,x,Atlético-MG, 28.00,0.00,
Marcos Rocha,Atlético-MG,ATL,Marcos Rocha,Lateral,0.00,0.00,-,Atlético-PR,x,Atlético-MG, 24.00,0.00,
Robinho,Atlético-MG,ATL,Robinho,Atacante,0.00,0.00,-,Atlético-PR,x,Atlético-MG, 26.00,0.00,
Victor,Atlético-MG,ATL,Victor,Goleiro,0.00,0.00,-,Atlético-PR,x,Atlético-MG, 20.00,0.00,
Leonardo Silva,Atlético-MG,ATL,Leonardo Silva,Zagueiro,0.00,0.00,-,Atlético-PR,x,Atlético-MG, 23.00,0.00,
Júnior Urso,Atlético-MG,ATL,Júnior Urso,Meia,0.00,0.00,-,Atlético-PR,x,Atlético-MG, 14.00,0.00,
Carlos Eduardo,Atlético-MG,ATL,Carlos Eduardo,Meia,2.30,2.30,1,Atlético-PR,x,Atlético-MG, 9.04,0.96,
Luan,Atlético-MG,ATL,Luan,Atacante,0.00,0.00,-,Atlético-PR,x,Atlético-MG, 12.00,0.00,
Carlos,Atlético-MG,ATL,Carlos,Atacante,0.00,0.00,-,Atlético-PR,x,Atlético-MG, 11.00,0.00,
Douglas Santos,Atlético-MG,ATL,Douglas Santos,Lateral,0.00,0.00,-,Atlético-PR,x,Atlético-MG, 16.00,0.00,
Clayton,Atlético-MG,ATL,Clayton,Atacante,1.00,1.00,1,Atlético-PR,x,Atlético-MG, 10.29,2.71,
Leandro Donizete,Atlético-MG,ATL,Leandro Donizete,Meia,0.00,0.00,-,Atlético-PR,x,Atlético-MG, 9.00,0.00,
Erazo,Atlético-MG,ATL,Erazo,Zagueiro,0.00,0.00,-,Atlético-PR,x,Atlético-MG, 8.00,0.00,
Cazares,Atlético-MG,ATL,Cazares,Meia,5.70,5.70,1,Atlético-PR,x,Atlético-MG, 9.34,2.34,
Patric,Atlético-MG,ATL,Patric,Lateral,0.00,0.00,-,Atlético-PR,x,Atlético-MG, 8.00,0.00,
Tiago,Atlético-MG,ATL,Tiago,Zagueiro,7.90,7.90,1,Atlético-PR,x,Atlético-MG, 9.49,4.49,
Dátolo,Atlético-MG,ATL,Dátolo,Meia,0.00,0.00,-,Atlético-PR,x,Atlético-MG, 5.00,0.00,
Carlos Cesar,Atlético-MG,ATL,Carlos Cesar,Lateral,7.00,7.00,1,Atlético-PR,x,Atlético-MG, 8.09,4.09,
Lucas Cândido,Atlético-MG,ATL,Lucas Cândido,Meia,3.60,3.60,1,Atlético-PR,x,Atlético-MG, 6.32,1.32,
Hyuri,Atlético-MG,ATL,Hyuri,Atacante,4.60,4.60,1,Atlético-PR,x,Atlético-MG, 7.06,2.06,
Pablo Diogo,Atlético-MG,ATL,Pablo Diogo,Atacante,1.80,1.80,1,Atlético-PR,x,Atlético-MG, 3.53,0.53,
Eduardo,Atlético-MG,ATL,Eduardo,Meia,4.70,4.70,1,Atlético-PR,x,Atlético-MG, 6.40,2.40,
Lauro,Atlético-MG,ATL,Lauro,Goleiro,0.00,0.00,-,Atlético-PR,x,Atlético-MG, 4.00,0.00,
Edcarlos,Atlético-MG,ATL,Edcarlos,Zagueiro,8.40,8.40,1,Atlético-PR,x,Atlético-MG, 8.38,5.38,
Giovanni,Atlético-MG,ATL,Giovanni,Goleiro,0.00,0.00,-,Atlético-PR,x,Atlético-MG, 2.00,0.00,
Uilson,Atlético-MG,ATL,Uilson,Goleiro,4.30,4.30,1,Atlético-PR,x,Atlético-MG, 5.37,2.37,
Rafael Carioca,Atlético-MG,ATL,Rafael Carioca,Meia,0.00,0.00,-,Atlético-PR,x,Atlético-MG, 12.00,0.00,
Mansur,Atlético-MG,ATL,Mansur,Lateral,0.00,0.00,-,Atlético-PR,x,Atlético-MG, 2.00,0.00,
Cleiton,Atlético-MG,ATL,Cleiton,Goleiro,0.00,0.00,-,Atlético-PR,x,Atlético-MG, 1.00,0.00,
Marinho,Vitória,VIT,Marinho,Atacante,0.00,0.00,-,Vitória,x,Corinthians, 15.00,0.00,
Yago,Atlético-MG,ATL,Yago,Meia,-0.50,-0.50,1,Atlético-PR,x,Atlético-MG, 1.10,0.90,
Gabriel,Atlético-MG,ATL,Gabriel,Zagueiro,13.70,13.70,1,Atlético-PR,x,Atlético-MG, 10.81,9.81,
Kieza,Vitória,VIT,Kieza,Atacante,8.10,8.10,1,Vitória,x,Corinthians, 15.52,2.52,
Amaral,Vitória,VIT,Amaral,Meia,3.00,3.00,1,Vitória,x,Corinthians, 8.09,0.09,
Diego Renan,Vitória,VIT,Diego Renan,Lateral,1.40,1.40,1,Vitória,x,Corinthians, 7.65,1.35,
Dagoberto,Vitória,VIT,Dagoberto,Atacante,0.00,0.00,-,Vitória,x,Corinthians, 10.00,0.00,
Luis Guilherme,Atlético-MG,ATL,Luis Guilherme,Atacante,0.00,0.00,-,Atlético-PR,x,Atlético-MG, 1.00,0.00,
Thalis,Atlético-MG,ATL,Thalis,Meia,0.00,0.00,-,Atlético-PR,x,Atlético-MG, 1.00,0.00,
Leandro Domingues,Vitória,VIT,Leandro Domingues,Meia,-0.80,-0.80,1,Vitória,x,Corinthians, 4.56,2.44,
Diego Aguirre,Atlético-MG,ATL,Diego Aguirre,Técnico,5.86,5.86,1,Atlético-PR,x,Atlético-MG, 14.61,0.61,
Victor Ramos,Vitória,VIT,Victor Ramos,Zagueiro,2.60,2.60,1,Vitória,x,Corinthians, 6.32,0.32,
Fernando Miguel,Vitória,VIT,Fernando Miguel,Goleiro,-8.00,-8.00,1,Vitória,x,Corinthians, 0.74,6.26,
Otávio,Atlético-PR,ATL,Otávio,Meia,1.70,1.70,1,Atlético-PR,x,Atlético-MG, 19.63,5.37,
